"BillSplitID","MainBillID","SplitBillID","Name","LastUpdatedDate"
1,258446,262881,"הצעת חוק אזור סחר חופשי באילת (פטורים והנחות ממסים) (תיקון), התשס""ח-2007",2015-03-20 12:03:32
2,258446,262882,"הצעת חוק הבלו על הדלק (תיקון), התשס""ח-2007",2015-03-20 12:03:32
3,258446,262883,"הצעת חוק יסודות התקציב (תיקון), התשס""ח-2007",2015-03-20 12:03:32
4,258446,262884,"הצעת חוק בתי משפט לעניינים מינהליים (תיקון), התשס""ח-2007",2015-03-20 12:03:32
5,258446,262885,"הצעת חוק המים (תיקון), התשס""ח-2007",2015-03-20 12:03:32
6,258446,262886,"הצעת חוק איגודי ערים (תיקון), התשס""ח-2007",2015-03-20 12:03:32
7,258446,262887,"הצעת חוק משק הדלק (קידום התחרות) (תיקון) (תיקון - ), התשס""ח-2007",2015-03-20 12:03:32
8,258446,262892,"הצעת חוק הגליל (תיקון - ), התשס""ח-2007",2015-03-20 12:03:32
9,258446,262894,"הצעת חוק לתיקון פקודת בריאות העם (), התשס""ח-2007",2015-03-20 12:03:32
10,325830,326098,"הצעת חוק ההתייעלות הכלכלית (תיקוני חקיקה ליישום התכנית הכלכלית לשנים 2009 ו- 2010), התשס""ט-2009 - פרק ד' - עורכי דין זרים",2015-03-20 12:03:32
11,325830,326099,"הצעת חוק ההתייעלות הכלכלית (תיקוני חקיקה ליישום התכנית הכלכלית לשנים 2009 ו- 2010), התשס""ט-2009 - פרק ט', סעיף 32 - תיעוד חזותי",2015-03-20 12:03:32
12,325830,326291,"הצעת חוק ההתייעלות הכלכלית (תיקוני חקיקה ליישום התכנית הכלכלית לשנים 2009 ו- 2010), התשס""ט-2009 - פרק כ""ו, סעיפים 142(4) ו-143(ב) - היטל השבחה",2015-03-20 12:03:32
14,329448,334092,"הצעת חוק סדר הדין הפלילי (תיקון מס' 62), התש""ע-2009 - החלק הנותר",2015-03-20 12:03:32
15,333807,345889,"הצעת חוק המאבק בתופעה השכרות (הוראת שעה), התש""ע-2009",2015-03-20 12:03:32
16,397101,403465,"הצעת חוק מיסוי מקרקעין (שבח ורכישה) סעיף 53(7) - פינוי בינוי, התשע""א-2010",2015-03-20 12:03:32
17,414142,419995,"הצעת חוק ההוצאה לפועל (תיקון מס' 34), התשע""א-2011 - החלק הנותר",2015-03-20 12:03:32
18,391212,427532,"הצעת חוק רשות השידור (תיקון מס' 26), התשע""א-2010",2015-03-20 12:03:32
19,424693,473543,"סעיף 14 (חובות הנאמן, סמכויותיו והגבלות על פעולותיו) בהצעת חוק ניירות ערך (תיקון מס' 48) (תעודות התחייבות), התשע""ב-2011",2015-03-20 12:03:32
21,483960,486238,"חיילים בשירות קבע - הצעת חוק להשתתפותם של העובדים, נושאי המשרה ובעלי תפקיד אחרים בשירות הציבורי, בצעדים לייצוב המצב הפיסקלי במדינה במהלך השנים 2013 ו-2014 (הוראת שעה), התשע""ג-2013- הצעה שפוצלה מנושא משכורתם של העובדים בשירות הציבורי",2015-03-20 12:03:32
22,485354,488092,"פרק ד', סימן ב' - סעיפים 32 ו- 33 - התחשבנות בעד שירותי בריאות הנפש - מתוך הצעת חוק לשינוי סדרי עדיפויות לאומיים (תיקוני חקיקה להשגת יעדי התקציב לשנים 2013 ו-2014), התשע""ג-2013",2015-03-20 12:03:32
23,30896,80759,"הצעת חוק סימון כלי רכב (מניעת גניבות) (הוראת שעה) (תיקון מס' 3), התשס""ד-2004",2015-03-20 12:03:32
24,31252,86608,"הצעת חוק משק הדלק (הגבלת הפעלה ומכירת דלק לתחנות תדלוק הפועלות שלא כדין) (תיקון), התשס""ג-2004",2015-03-20 12:03:32
25,79414,86439,"הצעת חוק תאגידי מים וביוב (תיקון מס' 4), התשס""ד-2004",2015-03-20 12:03:32
26,81394,88446,"פרק ב' - ביטוח לאומי, מתוך הצעת חוק המדיניות הכלכלית לשנת הכספים 2005 (תיקוני חקיקה), התשס""ה-2004",2015-03-20 12:03:32
27,81394,88442,"הצעת חוק המדיניות הכלכלית לשנת הכספים 2005 (תיקוני חקיקה), התשס""ה-2004",2015-03-20 12:03:32
28,81394,88452,"פרק ד' - מיסים, מתוך הצעת חוק המדיניות הכלכלית לשנת הכספים 2005 (תיקוני חקיקה), התשס""ה-2004",2015-03-20 12:03:32
29,81394,88453,"פרק י' - עידוד השקעות הון, מתוך הצעת חוק המדיניות הכלכלית לשנת הכספים 2005 (תיקוני חקיקה), התשס""ה-2004",2015-03-20 12:03:32
30,81394,88456,"פרק י""ב - הגנה על העמיתים בקופות הגמל, מתוך הצעת חוק המדיניות הכלכלית לשנת הכספים 2005 (תיקוני חקיקה), התשס""ה-2004",2015-03-20 12:03:32
31,81394,88443,"הצעת חוק המדיניות הכלכלית לשנת הכספים 2005 (תיקוני חקיקה), התשס""ה-2004",2015-03-20 12:03:32
32,16633,88559,"הצעת חוק התכנון והבניה (תיקון מס' 70), התשס""ה-2005",2015-03-20 12:03:32
33,75112,88733,"הצעת חוק התכנית הכלכלית להבראת כלכלת ישראל (תיקוני חקיקה להשגת יעדי התקציב והמדיניות הכלכלית לשנות הכספים 2003 ו-2004), התשס""ג-2003 ,פרק ח' : תקשורת",2015-03-20 12:03:32
34,16633,88726,"הצעת חוק המדיניות הכלכלית לשנת הכספים 2004  (תיקוני חקיקה), התשס""ד-2003",2015-03-20 12:03:32
35,16633,88727,"סעיף 96 להצעת חוק המדיניות הכלכלית לשנת הכספים 2004  (תיקוני חקיקה), התשס""ד-2003 - תיקון פקודת המכרות",2015-03-20 12:03:32
36,16633,88728,"סעיפים 79-63 להצעת חוק המדיניות הכלכלית לשנת הכספים 2004  (תיקוני חקיקה), התשס""ד-2003 - תיקון פרק י''א: דואר",2015-03-20 12:03:32
37,16633,88729,"סעיפים 90-91 להצעת חוק המדיניות הכלכלית לשנת הכספים 2004  (תיקוני חקיקה), התשס""ד-2003 - תיקון חוק המים",2015-03-20 12:03:32
38,16633,88731,"סעיף 95 להצעת חוק המדיניות הכלכלית לשנת הכספים 2004  (תיקוני חקיקה), התשס""ד-2003 - תיקון חוק הפיקוח על מצרכים ושירותים",2015-03-20 12:03:32
39,16633,88732,"סעיפים 97-100 להצעת חוק המדיניות הכלכלית לשנת הכספים 2004  (תיקוני חקיקה), התשס""ד-2003 - ביטול הרשות לפיתוח הנגב והרשות לפיתוח הגליל",2015-03-20 12:03:32
40,81394,88775,"פרק ה' - רשויות מקומיות (סעיפים 21 עד 24), מתוך הצעת חוק המדיניות הכלכלית לשנת הכספים 2005 (תיקוני חקיקה), התשס""ה-2004",2015-03-20 12:03:32
41,81394,88778,"פרק ו' - תעריפי מים והיטלי הפקה, מתוך הצעת חוק המדיניות הכלכלית לשנת הכספים 2005 (תיקוני חקיקה), התשס""ה-2004",2015-03-20 12:03:32
44,81394,88774,"פרק ג' - עובדים זרים, מתוך הצעת חוק המדיניות הכלכלית לשנת הכספים 2005 (תיקוני חקיקה), התשס""ה-2004",2015-03-20 12:03:32
45,88729,88780,"הצעת חוק המים (תיקון מס'...)(שינויים בענין רשות המים הארצית), התשס""ד-2004 [סעיפים 90(2) ו- 91 להצעת חוק המדיניות הכלכלית לשנת הכספים 2004 (תיקוני חקיקה), התשס""ד-2003]",2015-03-20 12:03:32
46,81394,88781,"פרק ח' - בריאות (סעיף 37), מתוך הצעת חוק המדיניות הכלכלית לשנת הכספים 2005 (תיקוני חקיקה), התשס""ה-2004",2015-03-20 12:03:32
47,81394,88782,"פרק י""א - שירות הקבע בצה""ל (גמלאות), מתוך הצעת חוק המדיניות הכלכלית לשנת הכספים 2005 (תיקוני חקיקה), התשס""ה-2004",2015-03-20 12:03:32
48,81394,88783,"פרק י""ג - שונות (סעיפים 50, 55, 63, 64), מתוך הצעת חוק המדיניות הכלכלית לשנת הכספים 2005 (תיקוני חקיקה), התשס""ה-2004",2015-03-20 12:03:32
49,81394,88784,"פרק ח' - בריאות - סעיפים 34(1), 35, 36(2), מתוך הצעת חוק המדיניות הכלכלית לשנת הכספים 2005 (תיקוני חקיקה), התשס""ה-2004",2015-03-20 12:03:32
50,81394,88785,"פרק י""ג - שונות (סעיפים 51, 52) מתוך הצעת חוק המדיניות הכלכלית לשנת הכספים 2005 (תיקוני חקיקה), התשס""ה-2004",2015-03-20 12:03:32
51,81394,88787,"פרק ט' - תקשורת - סעיפים 39,40, מתוך הצעת חוק המדיניות הכלכלית לשנת הכספים 2005 (תיקוני חקיקה), התשס""ה-2004",2015-03-20 12:03:32
52,81394,88788,"פרק י""ג - שונות (סעיפים 53, 56 עד 58), מתוך הצעת חוק המדיניות הכלכלית לשנת הכספים 2005 (תיקוני חקיקה), התשס""ה-2004",2015-03-20 12:03:32
53,81394,88789,"פרק י""ג - שונות (סעיפים 59, 61, 62) מתוך הצעת חוק המדיניות הכלכלית לשנת הכספים 2005 (תיקוני חקיקה), התשס""ה-2004",2015-03-20 12:03:32
54,81394,89046,"פרק י""ג - שונות: סעיפים 56 ו-57 תיקון פקודת הברזל והוראת מעבר, מתוך הצעת חוק המדיניות הכלכלית לשנת הכספים 2005 (תיקוני חקיקה), התשס""ה-2004",2015-03-20 12:03:32
55,81394,89047,"פרק י""ג - שונות: סעיף 58, תיקון פקודת התעבורה בענין תשלום עבור חניה, מתוך הצעת חוק המדיניות הכלכלית לשנת הכספים 2005 (תיקוני חקיקה), התשס""ה-2004",2015-03-20 12:03:32
56,88733,89510,"הצעת חוק הרשות השניה לטלוויזיה ורדיו (תיקון מס'...), התשס""ג-2003, סעיף 52 להצעת חוק התכנית הכלכלית להבראת כלכלת ישראל",2015-03-20 12:03:32
58,16633,89756,"הצעת חוק המדיניות הכלכלית לשנת הכספים 2004 (תיקוני חקיקה), התשס""ד-2003 - סעיף 17 - חובת יוזם ניסוי רפואי בבני האדם (מחקרים רפואיים)",2015-03-20 12:03:32
59,16633,89757,"הצעת חוק המדיניות הכלכלית לשנת הכספים 2004 (תיקוני חקיקה), התשס""ד-2003 - סעיפים 26-27 - פיצוי לנפגעי הגזזת",2015-03-20 12:03:32
60,16633,89758,"הצעת חוק המדיניות הכלכלית לשנת הכספים 2004 (תיקוני חקיקה), התשס""ד-2003 - סעיפים 111-112 - שינויים מבניים בשירות התעסוקה",2015-03-20 12:03:32
61,75060,93333,"הצעת חוק לתיקון דיני הראיות (הגנת ילדים) (תיקון מס 11), התשס""ה-2004 - החלק הנותר",2015-03-20 12:03:32
62,78160,93873,"פרק ד', סימן א', סעיפים 22-27, מתוך הצעת חוק יישום תכנית ההתנתקות, התשס""ה-2004",2015-03-20 12:03:32
64,78160,93878,"פרק ח', סימן א', סעיפים 134 - 136, מתוך הצעת חוק יישום תכנית ההתנתקות, התשס""ה-2004",2015-03-20 12:03:32
65,78160,93880,"הצעת חוק יישום תכנית ההתנתקות, התשס""ה-2004 (למעט פרק ד', סימן א', סעיפים 22 - 27 ופרק ח', סימן א' סעיפים 134 - 136)",2015-03-20 12:03:32
66,16633,94307,"הצעת חוק לתיקון דיני הראיות (הגנת ילדים) (תיקון מס' 9) - סעיף 108 להצעת חוק המדיניות הכלכלית לשנת הכספים 2004  (תיקוני חקיקה), התשס""ד-2004",2015-03-20 12:03:32
67,77518,94306,"הצעת חוק החברות (תיקון מס' 2), התשס""ד-2004",2015-03-20 12:03:32
68,81394,95141,"פרק ה' - רשויות מקומיות (סעיפים 19,20) מתוך הצעת חוק המדיניות הכלכלית לשנת הכספים 2005 (תיקוני חקיקה), התשס""ה-2004",2015-03-20 12:03:32
69,81394,95142,"פרק ט' - תקשורת (סעיפים 41-43), מתוך הצעת חוק המדיניות הכלכלית לשנת הכספים 2005 (תיקוני חקיקה), התשס""ה-2004",2015-03-20 12:03:32
70,81394,95143,"פרק י""ג - שונות (סעיף 54), מתוך הצעת חוק המדיניות הכלכלית לשנת הכספים 2005 (תיקוני חקיקה), התשס""ה-2004",2015-03-20 12:03:32
71,81394,96029,"פרק ח' - בריאות, סעיף 34  - (למעט סעיף 34 (1)  מתוך הצעת חוק המדיניות הכלכלית לשנת הכספים 2005 (תיקוני חקיקה), התשס""ה-2004",2015-03-20 12:03:32
72,81394,96030,"סעיף 36(1) ו- (3) עד (10) מתוך הצעת חוק המדיניות הכלכלית לשנת הכספים 2005 (תיקוני חקיקה), התשס""ה-2004",2015-03-20 12:03:32
73,81394,96031,"פרק י""ג - שונות: סעיף 60 בעניין תיקון חוק ההגבלים העסקיים מתוך הצעת חוק המדיניות הכלכלית לשנת הכספים 2005 (תיקוני חקיקה), התשס""ה-2004",2015-03-20 12:03:32
74,81394,96032,"פרק ח' - בריאות: סעיף 35 מתוך הצעת חוק המדיניות הכלכלית לשנת הכספים 2005 (תיקוני חקיקה), התשס""ה-2004",2015-03-20 12:03:32
75,96439,96442,"הצעת חוק הרשויות המקומיות (מימון בחירות) (תיקון מס' 25 והוראת שעה), התשס''ד-2003",2015-03-20 12:03:32
76,20513,119212,"הצעת חוק השיפוט הצבאי (תיקון מס' 44)(סייג לחסיון התחקיר הצבאי), התשס""ד-2003 - ס' 2",2015-03-20 12:03:32
77,88784,96658,"פרק ח' - בריאות - סעיפים 34(1),  מתוך הצעת חוק המדיניות הכלכלית לשנת הכספים 2005 (תיקוני חקיקה), התשס""ה-2004",2015-03-20 12:03:32
78,75363,97165,"הצעת חוק אימוץ ילדים (תיקון מס' 4), התשס""ג-2004",2015-03-20 12:03:32
79,24394,97164,"הצעת חוק שירות התעסוקה (תיקון מס' 14) (לשכות פרטיות), התשס""ד-2004",2015-03-20 12:03:32
80,89756,97172,"הצעת חוק המדיניות הכלכלית לשנת הכספים 2004 (תיקוני חקיקה), התשס""ד-2003 - סעיף 17 - חובת יוזם ניסוי רפואי בבני האדם (מחקרים רפואיים)",2015-03-20 12:03:32
84,75118,98896,"הצעת חוק לתיקון פקודת מס הכנסה (מס' 140 והוראת שעה), התשס""ד-2004",2015-03-20 12:03:32
86,77518,99522,"הצעת חוק החברות (תיקון מס' 2), התשס""ה-2005",2015-03-20 12:03:32
87,75261,106298,"הצעת חוק לתיקון פקודת המשטרה (מס' 18) (אירוע אסון המוני), התשס""ב-2002",2015-03-20 12:03:32
88,20488,115274,"הצעת חוק בתי המשפט לעניינים מינהליים (תיקון מס' 8), התשס""ד-2004 - החלק הנותר",2015-03-20 12:03:32
89,131749,134144,"סעיף 36 שבפרק י""ב: תקשורת בהצעת חוק הסדרים במשק המדינה (תיקוני חקיקה להשגת יעדי התקציב והמדיניות הכלכלית לשנת הכספים 2006), התשס""ו-2006",2015-03-20 12:03:32
90,131749,134145,"סעיפים 37 ו-38 שבפרק י""ב: תקשורת, בהצעת חוק הסדרים במשק המדינה (תיקוני חקיקה להשגת יעדי התקציב והמדיניות הכלכלית לשנת הכספים 2006), התשס""ו-2006",2015-03-20 12:03:32
91,131749,134147,"פרק ט""ז: שונות - סעיפים 58 ו-60 בהצעת חוק הסדרים במשק המדינה (תיקוני חקיקה להשגת יעדי התקציב והמדיניות הכלכלית לשנת הכספים 2006), התשס""ו-2006",2015-03-20 12:03:32
92,131749,134148,"פרק ג': בריאות - סעיף 10 בהצעת חוק הסדרים במשק המדינה (תיקוני חקיקה להשגת יעדי התקציב והמדיניות הכלכלית לשנת הכספים 2006), התשס""ו-2006",2015-03-20 12:03:32
93,178389,182779,"פרק ב', סעיפים 2(1), 3(א) - הקפאת קצבאות מתוך הצעת חוק ההסדרים במשק המדינה (תיקוני חקיקה להשגת יעדי התקציב והמדיניות הכלכלית לשנת הכספים 2007), התשס""ז-2006",2015-03-20 12:03:32
94,182792,185125,"פרק י""ב, סעיף 59 (1), (2)(חוק ההגבלים העסקיים) מתוך הצעת חוק ההסדרים במשק המדינה (תיקוני חקיקה להשגת יעדי התקציב והמדיניות הכלכלית לשנת הכספים 2007), התשס""ז-2006",2015-03-20 12:03:32
96,98122,280048,"הצעת חוק לתיקון פקודת התעבורה (מס' 84), התשס""ח-2008",2015-03-20 12:03:32
97,353549,367769,"הצעת חוק זכויות למשרתים בשירות צבאי או לאומי, התש""ע-2010",2015-03-20 12:03:32
98,413232,414459,"הצעת חוק ההתייעלות הכלכלית (תיקוני חקיקה ליישום התכנית הכלכלית לשנים 2009 ו-2010) (סעיף 1 פוצל מהחוק)התשע""א-2011",2015-03-20 12:03:32
99,408539,429960,"הצעת חוק בתי דין רבניים (קיום פסקי דין של גירושין) (תיקון מס' 7) (הפעלת צו הגבלה), התשע""א-2011 - החלק הנותר",2015-03-20 12:03:32
100,353451,541748,הצעת חוק השקעות משותפות בנאמנות - הסמכה לקביעת שכר מנהל,2015-03-20 12:03:32
102,484923,485362,"פרק ו' (מסים), סעיפים 40(8), (9), (48), (49), ו-42(ז) - מיסוי כספים מחוץ לישראל - מתוך הצעת חוק לשינוי סדרי עדיפויות לאומיים (תיקוני חקיקה להשגת יעדי התקציב לשנים 2013 ו-2014), התשע""ג-2013",2015-03-20 12:03:32
103,484923,485363,"פרק ט', סעיפים 69 ו-70 - חוק לפיצוי נפגעי גזזת - מתוך הצעת חוק לשינוי סדרי עדיפויות לאומיים (תיקוני חקיקה להשגת יעדי התקציב לשנים 2013 ו-2014), התשע""ג-2013",2015-03-20 12:03:32
104,485420,548251,"הצעת חוק להעמקת גביית המסים והגברת האכיפה (ייעול אמצעי הגבייה ודיווח), התשע""ג-2013 - סעיף 2(3)",2015-03-20 12:03:32
105,539784,554262,"סעיף 40(4) תקופת שומה מיוחדת - מתוך הצעת חוק לשינוי סדרי עדיפויות לאומיים (תיקוני חקיקה להשגת יעדי התקציב לשנים 2013 ו-2014), התשע""ג-2013 (מ/768)",2015-03-20 12:03:32
106,539784,554263,"סעיף 45(4), (5) ו-(8) 4.קביעת תקופת התיישנות להגשת בקשה להחזר מס - מתוך הצעת חוק לשינוי סדרי עדיפויות לאומיים (תיקוני חקיקה להשגת יעדי התקציב לשנים 2013 ו-2014), התשע""ג-2013 (מ/768)",2015-03-20 12:03:32
107,539784,554264,"סעיף 40(54)(א), ו-(55) עד (59) סכומי העיצומים הכספיים - מתוך הצעת חוק לשינוי סדרי עדיפויות לאומיים (תיקוני חקיקה להשגת יעדי התקציב לשנים 2013 ו-2014), התשע""ג-2013(מ/768)",2015-03-20 12:03:32
108,178389,182797,"פרק י""ב, סעיף 76 (חוק ערי ואזורי פיתוח) מתוך הצעת חוק ההסדרים במשק המדינה (תיקוני חקיקה להשגת יעדי התקציב והמדיניות הכלכלית לשנת הכספים 2007), התשס""ז-2006",2015-03-20 12:03:32
109,178389,182806,"פרק ב', סעיפים 2(2), (3), (4), (5), (6), (7), (9), 3(א), 3(ב), 3(ג), 4 (דמי אבטלה) מתוך הצעת חוק ההסדרים במשק המדינה (תיקוני חקיקה להשגת יעדי התקציב והמדיניות הכלכלית לשנת הכספים 2007), התשס""ז-2006",2015-03-20 12:03:32
110,178389,182807,"פרק ב', סעיפים 5(2), 6 (הבטחת הכנסה) מתוך הצעת חוק ההסדרים במשק המדינה (תיקוני חקיקה להשגת יעדי התקציב והמדיניות הכלכלית לשנת הכספים 2007), התשס""ז-2006",2015-03-20 12:03:32
111,178389,182808,"פרק ג', סעיפים 7, 8, 9 (תיקון פקודת הרוקחים ומכירת תרופה ללא מרשם רופא) מתוך הצעת חוק ההסדרים במשק המדינה (תיקוני חקיקה להשגת יעדי התקציב והמדיניות הכלכלית לשנת הכספים 2007), התשס""ז-2006",2015-03-20 12:03:32
112,178389,182809,"פרק ג', סעיף 14(5) (מספר מרפאות בישוב קטן) מתוך הצעת חוק ההסדרים במשק המדינה (תיקוני חקיקה להשגת יעדי התקציב והמדיניות הכלכלית לשנת הכספים 2007), התשס""ז-2006",2015-03-20 12:03:32
113,178389,182811,"פרק ד', סעיף 18 (חוק הכניסה לישראל) מתוך הצעת חוק ההסדרים במשק המדינה (תיקוני חקיקה להשגת יעדי התקציב והמדיניות הכלכלית לשנת הכספים 2007), התשס""ז-2006",2015-03-20 12:03:32
114,178389,182813,"פרק ח' (צריך להיות י'), סעיפים 50, 51, 52(2), (3), (4), (תאגידי מים וביוב, איגודי ערים) מתוך הצעת חוק ההסדרים במשק המדינה (תיקוני חקיקה להשגת יעדי התקציב והמדיניות הכלכלית לשנת הכספים 2007), התשס""ז-2006",2015-03-20 12:03:32
115,178389,182814,"פרק י""ב, סעיף 66 (חוק התכנון והבניה) מתוך הצעת חוק ההסדרים במשק המדינה (תיקוני חקיקה להשגת יעדי התקציב והמדיניות הכלכלית לשנת הכספים 2007), התשס""ז-2006",2015-03-20 12:03:32
116,178389,182816,"פרק ט' כולו (סעיפים 46 עד 47) (תקשורת) מתוך הצעת חוק ההסדרים במשק המדינה (תיקוני חקיקה להשגת יעדי התקציב והמדיניות הכלכלית לשנת הכספים 2007), התשס""ז-2006",2015-03-20 12:03:32
117,178389,182817,"פרק י""ב, סעיף 60 (משק הגז הטבעי) מתוך הצעת חוק ההסדרים במשק המדינה (תיקוני חקיקה להשגת יעדי התקציב והמדיניות הכלכלית לשנת הכספים 2007), התשס""ז-2006",2015-03-20 12:03:32
118,178389,182819,"פרק י""ב, סעיף 65 (חוק פיקוח על מצרכים ושירותים) מתוך הצעת חוק ההסדרים במשק המדינה (תיקוני חקיקה להשגת יעדי התקציב והמדיניות הכלכלית לשנת הכספים 2007), התשס""ז-2006",2015-03-20 12:03:32
119,258446,262825,"פרק י""ג, סעיף 80 (קיצוץ קצבאות ביטוח לאומי) - מתוך הצעת חוק ההסדרים במשק המדינה (תיקוני חקיקה להשגת יעדי התקציב והמדיניות הכלכלית לשנת הכספים 2008), התשס""ח-2007",2015-03-20 12:03:32
120,258446,262826,"פרק י""ט, סעיף 114 (הפחתת הגירעון) - מתוך הצעת חוק ההסדרים במשק המדינה (תיקוני חקיקה להשגת יעדי התקציב והמדיניות הכלכלית לשנת הכספים 2008), התשס""ח-2007",2015-03-20 12:03:32
121,258446,262827,"פרק י""ט, סעיף 121 (תקציב קרן חיילים משוחררים) - מתוך הצעת חוק ההסדרים במשק המדינה (תיקוני חקיקה להשגת יעדי התקציב והמדיניות הכלכלית לשנת הכספים 2008), התשס""ח-2007",2015-03-20 12:03:32
122,258446,262829,"פרק י""ט, סעיף 122 (מענק לדירות בירושלים) - מתוך הצעת חוק ההסדרים במשק המדינה (תיקוני חקיקה להשגת יעדי התקציב והמדיניות הכלכלית לשנת הכספים 2008), התשס""ח-2007",2015-03-20 12:03:32
123,258446,262830,"פרק י""ט, סעיף 136 (תחילה) - מתוך הצעת חוק ההסדרים במשק המדינה (תיקוני חקיקה להשגת יעדי התקציב והמדיניות הכלכלית לשנת הכספים 2008), התשס""ח-2007",2015-03-20 12:03:32
124,258446,262831,"הצעת חוק ההסדרים במשק המדינה (תיקוני חקיקה להשגת יעדי התקציב והמדיניות הכלכלית לשנת הכספים 2008), התשס""ח-2007 - פרק ד', סעיפים 14 ו-15 (פיצוי לנפגעי פוליו)",2015-03-20 12:03:32
125,258446,262832,"הצעת חוק ההסדרים במשק המדינה (תיקוני חקיקה להשגת יעדי התקציב והמדיניות הכלכלית לשנת הכספים 2008), התשס""ח-2007 - פרק י""ג, סעיפים 71(1) ו-72(א) (הקפאת קצבאות ביטוח לאומי)",2015-03-20 12:03:32
126,258446,262833,"הצעת חוק ההסדרים במשק המדינה (תיקוני חקיקה להשגת יעדי התקציב והמדיניות הכלכלית לשנת הכספים 2008), התשס""ח-2007 - פרק י""ג, סעיפים 78 ו-79 (הקפאת קצבאות הבטחת הכנסה)",2015-03-20 12:03:32
127,258446,262834,"הצעת חוק ההסדרים במשק המדינה (תיקוני חקיקה להשגת יעדי התקציב והמדיניות הכלכלית לשנת הכספים 2008), התשס""ח-2007 - פרק י""ד, סעיפים 82 עד 91 (הקפאת עדכון תשלומים)",2015-03-20 12:03:32
128,258446,262955,"הצעת חוק לתיקון פקודת העיריות ( ), התשס""ח-2007",2015-03-20 12:03:32
129,258446,262963,"הצעת חוק שירות המדינה (משמעת) (תיקון - ), התשס""ח-2007",2015-03-20 12:03:32
130,258446,262964,"הצעת חוק שכר מינימום (העלאת סכומי שכר מינימום - הוראת שעה) (תיקון - ), התשס""ח-2007",2015-03-20 12:03:32
131,258446,262965,"הצעת חוק לתיקון פקודת ביטוח רכב מנועי ( ), התשס""ח-2007",2015-03-20 12:03:32
132,258446,262966,"הצעת חוק פיצויים לנפגעי תאונות דרכים (תיקון - ), התשס""ח-2007",2015-03-20 12:03:32
133,258446,262967,"הצעת חוק רשות הספנות והנמלים (תיקון - ), התשס""ח-2007",2015-03-20 12:03:32
134,258446,262968,"הצעת חוק החברות הממשלתיות (תיקון - ), התשס""ח-2007",2015-03-20 12:03:32
135,258446,262969,"הצעת חוק הרשויות המקומיות (מימון בחירות) (תיקון - ), התשס""ח-2007",2015-03-20 12:03:32
136,258446,262970,"הצעת חוק הביטוח הלאומי (תיקון - ), התשס""ח-2007",2015-03-20 12:03:32
137,258446,262971,"הצעת חוק ביטוח בריאות ממלכתי (תיקון - ), התשס""ח-2007",2015-03-20 12:03:32
138,258446,262972,"הצעת חוק המדיניות הכלכלית לשנת הכספים 2005 (תיקוני חקיקה) (תיקון - ), התשס""ח-2007",2015-03-20 12:03:32
139,258446,263987,"הצעת חוק הביטוח הלאומי (תיקון - ), התשס""ח-2007.",2015-03-20 12:03:32
140,263320,274772,"הצעת חוק התכנון והבניה (תיקון מס' ...), התשס""ח-2008",2015-03-20 12:03:32
141,241123,311232,"הצעת חוק התגמולים לנפגעי פעולות איבה, התשס""ט-2008",2015-03-20 12:03:32
144,403464,404924,"דירוג נדל""ן מתוך הצעת חוק מיסוי מקרקעין (שבח ורכישה) , התשע""א-2010",2015-03-20 12:03:32
146,391218,404559,"סעיפים 4-6 וסעיף 7 מתוך הצעת חוק לייעול האכיפה ולשמירה על ביטחון הציבור (חילוט וסמכויות פיקוח) (תיקוני חקיקה), התשע""א-2010",2015-03-20 12:03:32
147,142177,429735,"בקשת פיצול - הצעת חוק איסור קבלת ביטחונות מעובד, התשס""ח-2008",2015-03-20 12:03:32
148,414548,434705,"הצעת חוק הפטנטים (תיקון מס' 12) (פרסום בקשות פטנט), התשע""א-2011 - החלק הנותר",2015-03-20 12:03:32
149,485236,488326,"פרק ו', סימן א' - מס הכנסה - מתוך הצעת חוק לשינוי סדרי עדיפויות לאומיים (תיקוני חקיקה להשגת יעדי התקציב לשנים 2013 ו-2014), התשע""ג-2013",2015-03-20 12:03:32
150,558326,559336,"הצעת חוק לקידום השקעות בחברות הפועלות בתחומי הטכנולוגיה העילית (היי-טק) (תיקוני חקיקה) סעיף 1 (2)(ב), התשע""ה-2014",2015-03-20 12:03:32
151,131749,137307,"סעיף 78 , פרק ט""ז : שונות - מתוך הצעת חוק הסדרים במשק המדינה (תיקוני חקיקה להשגת יעדי התקציב והמדיניות הכלכלית לשנת הכספים 2006), התשס""ו-2006",2015-03-20 12:03:32
152,178389,182799,"פרק י""ב, סעיף 77 (חוק הרשויות המקומיות (העברת תשלומים מהמדינה)) מתוך הצעת חוק ההסדרים במשק המדינה (תיקוני חקיקה להשגת יעדי התקציב והמדיניות הכלכלית לשנת הכספים 2007), התשס""ז-2006",2015-03-20 12:03:32
153,178389,182800,"פרק י""ב, סעיף 78 (תחילה) מתוך הצעת חוק ההסדרים במשק המדינה (תיקוני חקיקה להשגת יעדי התקציב והמדיניות הכלכלית לשנת הכספים 2007), התשס""ז-2006",2015-03-20 12:03:32
154,258446,263319,"הצעת חוק הרשות השניה לטלוויזיה ורדיו (תיקון - ), התשס""ח-2007",2015-03-20 12:03:32
155,258446,263320,"הצעת חוק התכנון והבניה (תיקון - ), התשס""ח-2007",2015-03-20 12:03:32
156,258446,263321,"הצעת חוק ההגבלים העסקיים (תיקון - ), התשס""ח-2007",2015-03-20 12:03:32
157,272926,282032,"הצעת חוק ארגון יציג של ניצולי שואה בישראל התשס""ח -2008",2015-03-20 12:03:32
158,262869,302263,"הצעת חוק שירותי הדת היהודיים (תיקון), התשס""ח-2007",2015-03-20 12:03:32
159,325830,326058,"הצעת חוק ההתייעלות הכלכלית (תיקוני חקיקה ליישום התכנית הכלכלית לשנים 2009 ו- 2010), התשס""ט-2009 - פרק י""א - העברת האחריות לטיפול רפואי בנפגעי תאונות דרכים לקופות החולים",2015-03-20 12:03:32
160,325830,326059,"הצעת חוק ההתייעלות הכלכלית (תיקוני חקיקה ליישום התכנית הכלכלית לשנים 2009 ו- 2010), התשס""ט-2009 - פרק כ""ב - עידוד השקעות הון",2015-03-20 12:03:32
161,326089,327513,"הצעת חוק הביטוח הלאומי (תיקון מס '), התשס""ט - 2009",2015-03-20 12:03:32
162,335722,341329,"הצעת חוק להגנה על עדים (תיקון)(סמכויות מאבטחים), התש""ע-2010",2015-03-20 12:03:32
163,424982,432189,"הצעת חוק הגבלות בעניין תכנית הטבות לצרכן (תיקוני חקיקה), התשע""ב-2011 - תיקון חוק הבנקאות",2015-03-20 12:03:32
164,131749,134106,"פרק א': מטרת החוק, הצעת חוק הסדרים במשק המדינה (תיקוני חקיקה להשגת יעדי התקציב והמדיניות הכלכלית לשנת הכספים 2006), התשס""ו-2006",2015-03-20 12:03:32
166,131749,134108,"פרק ב': ביטוח לאומי - סעיף 2 למעט סעיף 2(1) ו-2(13), סעיפים 4 ו-7, הצעת חוק הסדרים במשק המדינה (תיקוני חקיקה להשגת יעדי התקציב והמדיניות הכלכלית לשנת הכספים 2006), התשס""ו-2006",2015-03-20 12:03:32
167,131749,134110,"פרק ד: מסים, הצעת חוק הסדרים במשק המדינה (תיקוני חקיקה להשגת יעדי התקציב והמדיניות הכלכלית לשנת הכספים 2006), התשס""ו-2006",2015-03-20 12:03:32
168,131749,134111,"פרק ו': חקלאות, הצעת חוק הסדרים במשק המדינה (תיקוני חקיקה להשגת יעדי התקציב והמדיניות הכלכלית לשנת הכספים 2006), התשס""ו-2006",2015-03-20 12:03:32
169,131749,134112,"פרק ח': רשויות מקומיות, למעט סעיף 26(2), הצעת חוק הסדרים במשק המדינה (תיקוני חקיקה להשגת יעדי התקציב והמדיניות הכלכלית לשנת הכספים 2006), התשס""ו-2006",2015-03-20 12:03:32
170,131749,134113,"פרק ט': מינהל מקרקעי ישראל, הצעת חוק הסדרים במשק המדינה (תיקוני חקיקה להשגת יעדי התקציב והמדיניות הכלכלית לשנת הכספים 2006), התשס""ו-2006",2015-03-20 12:03:32
171,131749,134205,"פרק ג': בריאות, למעט סעיף 10 בהצעת חוק הסדרים במשק המדינה (תיקוני חקיקה להשגת יעדי התקציב והמדיניות הכלכלית לשנת הכספים 2006), התשס""ו-2006",2015-03-20 12:03:32
174,178389,182780,"פרק א', סעיף 1 (מטרת החוק) מתוך הצעת חוק ההסדרים במשק המדינה (תיקוני חקיקה להשגת יעדי התקציב והמדיניות הכלכלית לשנת הכספים 2007), התשס""ז-2006",2015-03-20 12:03:32
175,178389,182781,"פרק ב', סעיפים 2(8), 3(ד) (תביעה חוזרת לביטוח סיעודי) מתוך הצעת חוק ההסדרים במשק המדינה (תיקוני חקיקה להשגת יעדי התקציב והמדיניות הכלכלית לשנת הכספים 2007), התשס""ז-2006",2015-03-20 12:03:32
176,178389,182782,"פרק ב' סעיפים 2(10) ו-3(ה) (עבודה מועדפת) מתוך הצעת חוק ההסדרים במשק המדינה (תיקוני חקיקה להשגת יעדי התקציב והמדיניות הכלכלית לשנת הכספים 2007), התשס""ז-2006",2015-03-20 12:03:32
177,178389,182783,"פרק ב', סעיפים 5(1), 75(2) (תכנית מהל""ב) מתוך הצעת חוק ההסדרים במשק המדינה (תיקוני חקיקה להשגת יעדי התקציב והמדיניות הכלכלית לשנת הכספים 2007), התשס""ז-2006",2015-03-20 12:03:32
178,178389,182784,"פרק ב', סעיפים 5(3), 5(4), 6 (הבטחת הכנסה) מתוך הצעת חוק ההסדרים במשק המדינה (תיקוני חקיקה להשגת יעדי התקציב והמדיניות הכלכלית לשנת הכספים 2007), התשס""ז-2006",2015-03-20 12:03:32
179,178389,182785,"פרק ג', סעיף 11 (שיפוי על הוצאות מענק אשפוז) מתוך הצעת חוק ההסדרים במשק המדינה (תיקוני חקיקה להשגת יעדי התקציב והמדיניות הכלכלית לשנת הכספים 2007), התשס""ז-2006",2015-03-20 12:03:32
180,178389,182786,"פרק ג', סעיף 13 (הוצאות קופות חולים) מתוך הצעת חוק ההסדרים במשק המדינה (תיקוני חקיקה להשגת יעדי התקציב והמדיניות הכלכלית לשנת הכספים 2007), התשס""ז-2006",2015-03-20 12:03:32
181,178389,182787,"פרק ג', סעיף 14(2) (יכולת תביעה של קופת חולים) מתוך הצעת חוק ההסדרים במשק המדינה (תיקוני חקיקה להשגת יעדי התקציב והמדיניות הכלכלית לשנת הכספים 2007), התשס""ז-2006",2015-03-20 12:03:32
182,178389,182788,"פרק ד', סעיפים 16, 17 (חוק שירות התעסוקה, חוק עובדים זרים) מתוך הצעת חוק ההסדרים במשק המדינה (תיקוני חקיקה להשגת יעדי התקציב והמדיניות הכלכלית לשנת הכספים 2007), התשס""ז-2006",2015-03-20 12:03:32
183,258446,263985,"הצעת חוק ביטוח בריאות ממלכתי (תיקון - ), התשס""ח-2007",2015-03-20 12:03:32
186,325830,326065,"הצעת חוק ההתייעלות הכלכלית (תיקוני חקיקה ליישום התכנית הכלכלית לשנים 2009 ו- 2010), התשס""ט-2009 - פרק כ""ט - נכסים עזובים",2015-03-20 12:03:32
187,325830,326066,"הצעת חוק ההתייעלות הכלכלית (תיקוני חקיקה ליישום התכנית הכלכלית לשנים 2009 ו- 2010), התשס""ט-2009 - פרק ל' - מים וביוב",2015-03-20 12:03:32
188,325830,326067,"הצעת חוק ההתייעלות הכלכלית (תיקוני חקיקה ליישום התכנית הכלכלית לשנים 2009 ו- 2010), התשס""ט-2009 - פרק ל""א - המשבר במשק המים",2015-03-20 12:03:32
189,325830,326068,"הצעת חוק ההתייעלות הכלכלית (תיקוני חקיקה ליישום התכנית הכלכלית לשנים 2009 ו- 2010), התשס""ט-2009 - פרק ל""ג - הגדלת קצבאות הילדים והתנייתן",2015-03-20 12:03:32
190,325830,326069,"הצעת חוק ההתייעלות הכלכלית (תיקוני חקיקה ליישום התכנית הכלכלית לשנים 2009 ו- 2010), התשס""ט-2009 - פרק ל""ד, סעיפים 257-258 - קרן לסיוע לחיילים משוחררים",2015-03-20 12:03:32
191,325830,326070,"הצעת חוק ההתייעלות הכלכלית (תיקוני חקיקה ליישום התכנית הכלכלית לשנים 2009 ו- 2010), התשס""ט-2009 - פרק ל""ד, סעיף 261 - הפחתת הגרעון",2015-03-20 12:03:32
192,325830,326071,"הצעת חוק ההתייעלות הכלכלית (תיקוני חקיקה ליישום התכנית הכלכלית לשנים 2009 ו- 2010), התשס""ט-2009 - פרק ל""ד, סעיף 262 - לימוד חובה בגילאי 3-4",2015-03-20 12:03:32
193,325830,326072,"הצעת חוק ההתייעלות הכלכלית (תיקוני חקיקה ליישום התכנית הכלכלית לשנים 2009 ו- 2010), התשס""ט-2009 - פרק ל""ד, סעיף 268 - תחילה",2015-03-20 12:03:32
194,325830,326073,"הצעת חוק ההתייעלות הכלכלית (תיקוני חקיקה ליישום התכנית הכלכלית לשנים 2009 ו- 2010), התשס""ט-2009 - פרק ב' - רישוי עסקים",2015-03-20 12:03:32
195,325830,326074,"הצעת חוק ההתייעלות הכלכלית (תיקוני חקיקה ליישום התכנית הכלכלית לשנים 2009 ו- 2010), התשס""ט-2009 - פרק ג' - איגוד ערים תעשייתי",2015-03-20 12:03:32
196,325830,326075,"הצעת חוק ההתייעלות הכלכלית (תיקוני חקיקה ליישום התכנית הכלכלית לשנים 2009 ו- 2010), התשס""ט-2009 - פרק ה', סעיף 10 - תשלומי המינהל לרשויות מקומיות",2015-03-20 12:03:32
197,325830,326076,"הצעת חוק ההתייעלות הכלכלית (תיקוני חקיקה ליישום התכנית הכלכלית לשנים 2009 ו- 2010), התשס""ט-2009 - פרק ה', סעיפים 11(1), 12 - כהונת ועדות ומועצות ממונות",2015-03-20 12:03:32
198,325830,326077,"הצעת חוק ההתייעלות הכלכלית (תיקוני חקיקה ליישום התכנית הכלכלית לשנים 2009 ו- 2010), התשס""ט-2009 - פרק ה', סעיפים 13-14 - תשלומים לרשות מקומית",2015-03-20 12:03:32
199,325830,326078,"הצעת חוק ההתייעלות הכלכלית (תיקוני חקיקה ליישום התכנית הכלכלית לשנים 2009 ו- 2010), התשס""ט-2009 - פרק ו', סעיף 16 - סמכויות הממונה על ביקורות הגבולות",2015-03-20 12:03:32
200,325830,326079,"הצעת חוק ההתייעלות הכלכלית (תיקוני חקיקה ליישום התכנית הכלכלית לשנים 2009 ו- 2010), התשס""ט-2009 - פרק ז', סעיפים 23-24 - מחזור פסולת בניין",2015-03-20 12:03:32
201,325830,326080,"הצעת חוק ההתייעלות הכלכלית (תיקוני חקיקה ליישום התכנית הכלכלית לשנים 2009 ו- 2010), התשס""ט-2009 - פרק ט', סעיף 131 - סמכויות לצורך הפחתת הפשיעה",2015-03-20 12:03:32
202,325830,326081,"הצעת חוק ההתייעלות הכלכלית (תיקוני חקיקה ליישום התכנית הכלכלית לשנים 2009 ו- 2010), התשס""ט-2009 - פרק כ""ו, סעיף 142(1) - הוועדה לתכנון ובניה של תשתיות לאומיות",2015-03-20 12:03:32
203,325830,326082,"הצעת חוק ההתייעלות הכלכלית (תיקוני חקיקה ליישום התכנית הכלכלית לשנים 2009 ו- 2010), התשס""ט-2009 - פרק ל""ב - מסי פיתוח",2015-03-20 12:03:32
204,325830,326083,"הצעת חוק ההתייעלות הכלכלית (תיקוני חקיקה ליישום התכנית הכלכלית לשנים 2009 ו- 2010), התשס""ט-2009 - פרק י', סעיף 33 - תשכיר מרשם",2015-03-20 12:03:32
205,325830,326084,"הצעת חוק ההתייעלות הכלכלית (תיקוני חקיקה ליישום התכנית הכלכלית לשנים 2009 ו- 2010), התשס""ט-2009 - פרק י', סעיף 35(3) ו-(4) - מעבר בין קופות חולים",2015-03-20 12:03:32
206,325830,326090,"הצעת חוק ההתייעלות הכלכלית (תיקוני חקיקה ליישום התכנית הכלכלית לשנים 2009 ו- 2010), התשס""ט-2009 - פרק כ""ח, סעיפים 165(7) ו-171(ו) - עיתונאי חוץ וספורטאי חוץ",2015-03-20 12:03:32
208,325830,326284,"הצעת חוק ההתייעלות הכלכלית (תיקוני חקיקה ליישום התכנית הכלכלית לשנים 2009 ו- 2010), התשס""ט-2009 - פרק ה', סעיף 8 - פיתוח ברשויות המקומיות",2015-03-20 12:03:32
209,325830,326285,"הצעת חוק ההתייעלות הכלכלית (תיקוני חקיקה ליישום התכנית הכלכלית לשנים 2009 ו- 2010), התשס""ט-2009 - פרק כ""א - שירותי דת יהודיים",2015-03-20 12:03:32
210,134134,142883,"פיצול סעיף 26(2) שבפרק ח': רשויות מקומיות בהצעת חוק הסדרים במשק המדינה (תיקוני חקיקה להשגת יעדי התקציב והמדיניות הכלכלית לשנת הכספים 2006), התשס""ו-2006 - תיקון פקודת מסילות הברזל",2015-03-20 12:03:32
211,325830,326286,"הצעת חוק ההתייעלות הכלכלית (תיקוני חקיקה ליישום התכנית הכלכלית לשנים 2009 ו- 2010), התשס""ט-2009 - פרק כ""ו, סעיף 142(3) - ועדה מקומית",2015-03-20 12:03:32
212,318012,343229,"הצעת חוק הענקת אזרחות כבוד לחללי מלחמת הקוממיות, התשס""ט-2009",2015-03-20 12:03:32
213,406858,419741,"הצעת חוק הבנקאות (רישוי)(תיקון מס' 17)(סליקת עסקאות בכרטיסי חיוב), התשע""א-2011",2015-03-20 12:03:32
214,415501,419774,"הצעת חוק מיסוי מקרקעין (שבח ורכישה) (תיקון מס' 71), התשע""א-2011- סעיפים שנותרו",2015-03-20 12:03:32
215,415154,428358,"הצעת חוק לתיקון פקודת מסי העיריה ומסי הממשלה (פיטורין) (מס' )(פטור מארנונה למסגרות תעסוקה לאנשים עם מוגבלות), התשע""ב-2011",2015-03-20 12:03:32
216,336222,470880,"הצעת חוק שוויון זכויות לאנשים עם מוגבלות (תיקון מס' 9) (סעיף 2 לחוק), התש""ע-2010",2015-03-20 12:03:32
217,484923,485360,"פרק ט', סעיפים 77 עד 79 - הגבלים עסקיים - מתוך הצעת חוק לשינוי סדרי עדיפויות לאומיים (תיקוני חקיקה להשגת יעדי התקציב לשנים 2013 ו-2014), התשע""ג-2013",2015-03-20 12:03:32
218,397120,407916,"הצעת חוק  מערכת סליקה פנסיונית, התשע""א-2010 פוצלה מחוק המדיניות הכלכלית",2015-03-20 12:03:32
219,479913,488120,"הצעת חוק-הבחירות לכנסת (העלאת אחוז החסימה והגברת המשילות), התשע""ג-2013",2015-03-20 12:03:32
220,483393,549332,"הצעת חוק הרשויות המקומיות (מימון בחירות) (תיקון - עידוד ייצוג הולם לנשים), התשע""ג-2013 - החלק שפוצל מועצות אזוריות",2015-03-20 12:03:32
221,485328,553655,"הצעת חוק שכר שווה לעובדת ולעובד (תיקון - פיצויים בשל נזק שאינו ממוני ונגישות למידע מהמעסיק), התשע""ג-2013 -סעיף 2 - נגישות ארגונים למידע מהמעסיק",2015-03-20 12:03:32
222,131749,134275,"סעיף 39 שבפרק י""ב: תקשורת בהצעת חוק הסדרים במשק המדינה (תיקוני חקיקה להשגת יעדי התקציב והמדיניות הכלכלית לשנת הכספים 2006), התשס""ו-2006",2015-03-20 12:03:32
223,182816,184960,"הצעת חוק התקשורת (בזק ושידורים) (תיקון מס'   ) (שימוש במתקני בזק של אחרים), התשס""ז-2007",2015-03-20 12:03:32
224,182784,185101,"פרק ב', סעיפים 5(3), 6(א) (הבטחת הכנסה) מתוך הצעת חוק ההסדרים במשק המדינה (תיקוני חקיקה להשגת יעדי התקציב והמדיניות הכלכלית לשנת הכספים 2007), התשס""ז-2006",2015-03-20 12:03:32
225,248865,254659,"הצעת חוק מועצת הצמחים (ייצור ושיווק) (תיקון מס' 9), התשס""ז-2007",2015-03-20 12:03:32
226,258446,262809,"פרק ה', סעיפים 24, 25 ו-28(ב) (מס מעסיקים) - מתוך הצעת חוק ההסדרים במשק המדינה (תיקוני חקיקה להשגת יעדי התקציב והמדיניות הכלכלית לשנת הכספים 2008), התשס""ח-2007",2015-03-20 12:03:32
227,258446,262810,"פרק י""א כולו (סעיפים 68 ו-69) (ייעוץ פנסיוני) - מתוך הצעת חוק ההסדרים במשק המדינה (תיקוני חקיקה להשגת יעדי התקציב והמדיניות הכלכלית לשנת הכספים 2008), התשס""ח-2007",2015-03-20 12:03:32
228,258446,262811,"פרק י""ג, סעיפים 71(3), (5) ו-72(ב) (גרעון בביטוח האבטלה) - מתוך הצעת חוק ההסדרים במשק המדינה (תיקוני חקיקה להשגת יעדי התקציב והמדיניות הכלכלית לשנת הכספים 2008), התשס""ח-2007",2015-03-20 12:03:32
229,325830,326278,"הצעת חוק ההתייעלות הכלכלית (תיקוני חקיקה ליישום התכנית הכלכלית לשנים 2009 ו- 2010), התשס""ט-2009 - פרק ח', סעיף 29 - אכיפת חובת התשלום בנסיעה באוטובוס",2015-03-20 12:03:32
230,325830,326279,"הצעת חוק ההתייעלות הכלכלית (תיקוני חקיקה ליישום התכנית הכלכלית לשנים 2009 ו- 2010), התשס""ט-2009 - פרק ח', סעיף 30 - רשות התעופה האזרחית",2015-03-20 12:03:32
231,325830,326280,"הצעת חוק ההתייעלות הכלכלית (תיקוני חקיקה ליישום התכנית הכלכלית לשנים 2009 ו- 2010), התשס""ט-2009 - פרק י""ב - שידורי טלויזיה",2015-03-20 12:03:32
232,325830,326281,"הצעת חוק ההתייעלות הכלכלית (תיקוני חקיקה ליישום התכנית הכלכלית לשנים 2009 ו- 2010), התשס""ט-2009 - פרק י""ג, סעיף 55(3) - בדיקות קצה",2015-03-20 12:03:32
233,325830,326282,"הצעת חוק ההתייעלות הכלכלית (תיקוני חקיקה ליישום התכנית הכלכלית לשנים 2009 ו- 2010), התשס""ט-2009 - פרק י""ח - מנהל מקרקעי ישראל",2015-03-20 12:03:32
234,325830,326283,"הצעת חוק ההתייעלות הכלכלית (תיקוני חקיקה ליישום התכנית הכלכלית לשנים 2009 ו- 2010), התשס""ט-2009 - פרק כ""ו, סעיפים 140-141, 142(2), ו-143(א) - שיכונים ציבוריים",2015-03-20 12:03:32
235,326299,388772,"הצעת חוק ההתייעלות הכלכלית (תיקוני חקיקה ליישום התכנית הכלכלית לשנים 2009 ו- 2010), התשס""ט-2009 - פרק כ""ח, סעיפים 165(17) ו-171(יב) - דיווח מקוון",2015-03-20 12:03:32
237,409947,429998,"הצעת חוק לתיקון פקודת התעבורה (תיקון מס'...) (מרכזי לימוד נהיגה), התשע""א-2011",2015-03-20 12:03:32
238,483960,485712,"הצעת חוק להשתתפותם של העובדים, נושאי המשרה ובעלי תפקיד אחרים בשירות הציבורי, בצעדים לייצוב המצב הפיסקלי במדינה במהלך השנים 2013 ו-2014 (הוראת שעה), התשע""ג-2013 - נושאי משרה",2015-03-20 12:03:32
239,540974,548348,הצעת חוק מועד התפטרות שר או חבר הכנסת (תיקוני חקיקה),2015-03-20 12:03:32
240,539784,554266,"סעיף 40(1)(א) תושב חוץ - מתוך הצעת חוק לשינוי סדרי עדיפויות לאומיים (תיקוני חקיקה להשגת יעדי התקציב לשנים 2013 ו-2014), התשע""ג-2013 (מ/768)",2015-03-20 12:03:32
242,472478,556587,"הצעת חוק ההגבלים העסקים (תיקון מס' ...), התשע""ד-2014",2015-03-20 12:03:32
243,552532,556588,"הצעת חוק לתיקון פקודת מסילות הברזל (מס' ...) (מניעת מפגעים), התשע""ד-2014",2015-03-20 12:03:32
244,554830,558580,"סעיף 7 מתוך הצעת חוק מס ערך מוסף (תיקון מס' 45), התשע""ד-2014 (גביית הפרשי הצמדה על פיגור בתשלום שהמועד לתשלומו חל ביום פרסום המדד)",2015-03-20 12:03:32
245,554830,558581,"סעיפים 8, 11(ב) ו- 13(ב) מתוך הצעת חוק מס ערך מוסף (תיקון מס' 45), התשע""ד-2014 (זקיפת תשלומים)",2015-03-20 12:03:32
246,554830,559533,"סעיפים 10 ו- 11(ג) מתוך הצעת חוק מס ערך מוסף (תיקון מס' 45), התשע""ד-2014 (הגשת דוח מפורט כדוח תקופתי)",2015-03-20 12:03:32
250,178389,182789,"פרק ו' כולו (סעיפים 27 עד 31) (גמלאות וקופות גמל) מתוך הצעת חוק ההסדרים במשק המדינה (תיקוני חקיקה להשגת יעדי התקציב והמדיניות הכלכלית לשנת הכספים 2007), התשס""ז-2006",2015-03-20 12:03:32
251,178389,182790,"פרק ז' כולו (סעיפים 32 עד 39) (מסים) מתוך הצעת חוק ההסדרים במשק המדינה (תיקוני חקיקה להשגת יעדי התקציב והמדיניות הכלכלית לשנת הכספים 2007), התשס""ז-2006",2015-03-20 12:03:32
252,178389,182791,"פרק ח' כולו (סעיפים 40 עד 45) (מסים (גביה)) מתוך הצעת חוק ההסדרים במשק המדינה (תיקוני חקיקה להשגת יעדי התקציב והמדיניות הכלכלית לשנת הכספים 2007), התשס""ז-2006",2015-03-20 12:03:32
253,178389,182792,"פרק י""ב, סעיף 59 (חוק ההגבלים העסקיים) מתוך הצעת חוק ההסדרים במשק המדינה (תיקוני חקיקה להשגת יעדי התקציב והמדיניות הכלכלית לשנת הכספים 2007), התשס""ז-2006",2015-03-20 12:03:32
254,178389,182793,"פרק י""ב, סעיף 61 (חוק הפחתת הגרעון) מתוך הצעת חוק ההסדרים במשק המדינה (תיקוני חקיקה להשגת יעדי התקציב והמדיניות הכלכלית לשנת הכספים 2007), התשס""ז-2006",2015-03-20 12:03:32
255,178389,182794,"פרק י""ב, סעיף 64 (חוק החברות הממשלתיות) מתוך הצעת חוק ההסדרים במשק המדינה (תיקוני חקיקה להשגת יעדי התקציב והמדיניות הכלכלית לשנת הכספים 2007), התשס""ז-2006",2015-03-20 12:03:32
256,178389,182795,"פרק י""ב, סעיף 73 (חוק שכר מינימום) מתוך הצעת חוק ההסדרים במשק המדינה (תיקוני חקיקה להשגת יעדי התקציב והמדיניות הכלכלית לשנת הכספים 2007), התשס""ז-2006",2015-03-20 12:03:32
257,178389,182796,"פרק י""ב, סעיף 74 (קיצוץ גמלאות וקצבאות) מתוך הצעת חוק ההסדרים במשק המדינה (תיקוני חקיקה להשגת יעדי התקציב והמדיניות הכלכלית לשנת הכספים 2007), התשס""ז-2006",2015-03-20 12:03:32
258,140784,310879,"הצעת חוק הרשויות המקומיות (דחיית הבחירות לעיריית עיר כרמל - הוראת שעה), התשס""ח-2008",2015-03-20 12:03:32
260,326056,327479,"פרק י' סעיפים 35(2), 35(5)-(7), 35(9)(א) ו-(10), 35(21)(א) תשלום חברים בקופות חולים מתוך הצעת חוק ההתייעלות הכלכלית (תיקוני חקיקה ליישום התכנית הכלכלית לשנים 2009 ו- 2010), התשס""ט-2009",2015-03-20 12:03:32
261,319294,419371,"הצעת חוק למניעת אלימות במוסדות רפואיים (עד סעיף 7 כולל), התשע""א-2011",2015-03-20 12:03:32
262,406225,420195,"הצעת חוק לתיקון פקודת מסילות הברזל (מס' 6), התשע""א-2011",2015-03-20 12:03:32
263,433202,474083,"הצעת חוק התקשורת (בזק ושידורים) (תיקון מס' 54) (עיצומים כספיים), התשע""ב-2012",2015-03-20 12:03:32
264,552239,552928,"הצעת חוק להגדלת הסיוע לניצולי שואה (תיקוני חקיקה), פרקים א', ג', ד' וסעיף 6(ו), התשע""ד-2014",2015-03-20 12:03:32
265,539784,554259,"סעיפים 40(37) ו-42(ד) אי-החלת תקן חשבונאי- מתוך הצעת החוק לשינוי סדרי עדיפויות לאומיים (תיקוני חקיקה להשגת יעדי התקציב לשנים 2013 ו-2014), התשע""ג-2013 (מ-768)",2015-03-20 12:03:32
266,178389,184096,"פרק י""ב, סעיפים 69, 70 (חוק זכויות התלמיד - תשלומים עבור בחינות בגרות) מתוך הצעת חוק ההסדרים במשק המדינה (תיקוני חקיקה להשגת יעדי התקציב והמדיניות הכלכלית לשנת הכספים 2007), התשס""ז-2006",2015-03-20 12:03:32
267,258446,262801,"פרק ד', סעיפים 16(2) ו-17(א) (שב""ן) - מתוך הצעת חוק ההסדרים במשק המדינה (תיקוני חקיקה להשגת יעדי התקציב והמדיניות הכלכלית לשנת הכספים 2008), התשס""ח-2007",2015-03-20 12:03:32
268,258446,262799,"הצעת חוק משק הגז (קידום התחרות בגז לצריכה ביתית) (תיקוני חקיקה), התשס""ח-2007",2015-03-20 12:03:32
269,258446,262802,"פרק ד', סעיף 16(3) (עלות סל הבריאות) - מתוך הצעת חוק ההסדרים במשק המדינה (תיקוני חקיקה להשגת יעדי התקציב והמדיניות הכלכלית לשנת הכספים 2008), התשס""ח-2007",2015-03-20 12:03:32
270,258446,262888,"הצעת חוק משק הדלק (קידום התחרות) (תיקון-), התשס""ח-2007",2015-03-20 12:03:32
271,258446,262889,"הצעת חוק משק החשמל (תיקון), התשס""ח-2007",2015-03-20 12:03:32
272,258446,262890,"הצעת חוק לתיקון פקודת התעבורה (), התשס""ח-2007",2015-03-20 12:03:32
273,258446,262891,"הצעת חוק יסודות התקציב (תיקון -), התשס""ח-2007",2015-03-20 12:03:32
274,258446,262893,"הצעת חוק חובת המכרזים (תיקון - ), התשס""ח-2007",2015-03-20 12:03:32
275,258446,262895,"הצעת חוק לפיצוי נפגעי גזזת (תיקון - ), התשס""ח-2007",2015-03-20 12:03:32
276,258446,262896,"הצעת חוק ביטוח בריאות ממלכתי (תיקון - ), התשס""ח-2007",2015-03-20 12:03:32
277,258446,262897,"הצעת חוק ביטוח בריאות ממלכתי (תיקון - ), התשס""ח-2007",2015-03-20 12:03:32
278,258446,262898,"הצעת חוק פיצויי פיטורים (תיקון - ), התשס""ח-2007",2015-03-20 12:03:32
279,258446,262903,"הצעת חוק לתיקון פקודת העיריות ( ), התשס""ח-2007",2015-03-20 12:03:32
280,258446,262907,"הצעת חוק לתיקון פקודת המועצות המקומיות ( ), התשס""ח-2007",2015-03-20 12:03:32
281,258446,262956,"הצעת חוק לתיקון פקודת המועצות המקומיות ( ), התשס""ח-2007",2015-03-20 12:03:32
282,258446,262958,"הצעת חוק איגודי ערים (תיקון - ), התשס""ח-2007",2015-03-20 12:03:32
283,258446,262959,"הצעת חוק הקמת איגוד ערים כנרת, התשס""ח-2007",2015-03-20 12:03:32
284,258446,262960,"הצעת חוק התכנון והבניה (תיקון - ), התשס""ח-2007",2015-03-20 12:03:32
285,258446,262961,"הצעת חוק פיצויים לנפגעי תאונות דרכים (תיקון - ), התשס""ח-2007",2015-03-20 12:03:32
286,258446,262962,"הצעת חוק שירות המדינה (מינויים) (תיקון - ), התשס""ח-2007",2015-03-20 12:03:32
287,258446,263324,"הצעת חוק לתיקון פקודת מסילות הברזל ( ), התשס""ח-2007",2015-03-20 12:03:32
288,291197,311892,"הצעת חוק להגנה על עדים, התשס""ח-2008",2015-03-20 12:03:32
289,252361,334082,"הצעת חוק הסדרת העיסוק במקצועות הבריאות (תיקון)(הרחבת תחולת החוק למקצועות קרמינולוגיה קלינית, פודיאטריה, פודיאטריה ניתוחית וכירופרקטיקה), התשס""ט 2008",2015-03-20 12:03:32
290,328315,334152,"הצעת חוק המדיניות הכלכלית לשנת הכספים 2004 (הארכת התוכנית הניסיונית עד יום 29 באפריל 2010), התש""ע 2009",2015-03-20 12:03:32
291,325186,344749,"הצעת חוק עבודת נשים (תיקון מס' 46), התש""ע-2010",2015-03-20 12:03:32
292,330084,372549,"הצעת חוק לתיקון פקודת העיריות (מס' 120) (קובלנה נגד עובד רשות מקומית ), התש""ע-2010",2015-03-20 12:03:32
293,409903,420246,"הצעת חוק לייעול האכיפה ולשמירה על ביטחון הציבור (חילוט וסמכויות פיקוח)(תיקוני חקיקה), התשע""א-2010",2015-03-20 12:03:32
294,404715,432106,"סעיף 1(5) בהצעת חוק הבנקאות (תיקוני חקיקה), התשע""א-2011",2015-03-20 12:03:32
295,435588,475066,"הצעת חוק מבקר המדינה (תיקון מס') (שינוי אופן הבחירה), התשע""ב - 2012",2015-03-20 12:03:32
296,474392,474507,"סעיף 2 (חוק מיסוי מקרקעין - הגדלת ההיצע של דירות מגורים - הוראת שעה) בהצעת חוק לצמצום הגירעון ולהתמודדות עם השפעות המשבר בכלכלה העולמית (תיקוני  חקיקה), התשע""ב-2012",2015-03-20 12:03:32
298,472478,548683,"הצעת חוק ההגבלים העסקיים (תיקון מס'...), התשע""ד-2014",2015-03-20 12:03:32
299,554830,558576,"סעיף 3 מתוך הצעת חוק מס ערך מוסף (תיקון מס' 45), התשע""ד-2014 (מס בשיעור אפס על שירותי פיקוח, תיאום ובקרה בקשר לביצוע ניסויים רפואיים)",2015-03-20 12:03:32
300,554830,558575,"סעיפים 1, 2, 11(א) ו- 13(א) מתוך הצעת חוק מס ערך מוסף (תיקון מס' 45), התשע""ד-2014 (מועד החיוב במס לעוסקים וליצרנים קטנים)",2015-03-20 12:03:32
301,554830,558578,"סעיפים 6 ו- 9 מתוך הצעת חוק מס ערך מוסף (תיקון מס' 45), התשע""ד-2014 (הוראות לעניין מס ששולם ביתר)",2015-03-20 12:03:32
302,178389,182823,"פרק ה' כולו (סעיפים 19 עד 26) (הוראות שעה לשנת 2007) מתוך הצעת חוק ההסדרים במשק המדינה (תיקוני חקיקה להשגת יעדי התקציב והמדיניות הכלכלית לשנת הכספים 2007), התשס""ז-2006",2015-03-20 12:03:32
303,178389,182824,"פרק ט' כולו (צריך להיות י""א) (סעיפים 53 עד 58) - (הוצאה לפועל) מתוך הצעת חוק ההסדרים במשק המדינה (תיקוני חקיקה להשגת יעדי התקציב והמדיניות הכלכלית לשנת הכספים 2007), התשס""ז-2006",2015-03-20 12:03:32
304,258446,262822,"פרק י""ג, סעיפים 71(7), (10) ו-(14) (ביטול פטור מתשלומי ביטוח לאומי) - מתוך הצעת חוק ההסדרים במשק המדינה (תיקוני חקיקה להשגת יעדי התקציב והמדיניות הכלכלית לשנת הכספים 2008), התשס""ח-2007",2015-03-20 12:03:32
305,258446,266455,"פרק י""ט, סעיפים 128-130 מתוך הצעת חוק ההסדרים במשק המדינה (תיקוני חקיקה להשגת יעדי התקציב והמדיניות הכלכלית לשנת הכספים 2008), התשס""ח-2007",2015-03-20 12:03:32
306,258446,266456,"פרק י""ט (עובדים זרים) מתוך הצעת חוק ההסדרים במשק המדינה (תיקוני חקיקה להשגת יעדי התקציב והמדיניות הכלכלית לשנת הכספים 2008), התשס""ח-2007",2015-03-20 12:03:32
307,325830,326091,"הצעת חוק ההתייעלות הכלכלית (תיקוני חקיקה ליישום התכנית הכלכלית לשנים 2009 ו- 2010), התשס""ט-2009 - פרק ל""ד, סעיפים 252-255 - שכר עבודה שיש לו דין קדימה בפירוק/פש""ר",2015-03-20 12:03:32
308,325830,326092,"הצעת חוק ההתייעלות הכלכלית (תיקוני חקיקה ליישום התכנית הכלכלית לשנים 2009 ו- 2010), התשס""ט-2009 - פרק ז', סעיפים 25-26 - הקרן לשמירת הניקיון",2015-03-20 12:03:32
309,325830,326093,"הצעת חוק ההתייעלות הכלכלית (תיקוני חקיקה ליישום התכנית הכלכלית לשנים 2009 ו- 2010), התשס""ט-2009 - פרק ח', סעיף 27 - כביש אגרה (מנהרות הכרמל)",2015-03-20 12:03:32
310,325830,326094,"הצעת חוק ההתייעלות הכלכלית (תיקוני חקיקה ליישום התכנית הכלכלית לשנים 2009 ו- 2010), התשס""ט-2009 - פרק ח', סעיף 28 - כביש חוצה ישראל",2015-03-20 12:03:32
312,326073,385529,"הצעת חוק ההתייעלות הכלכלית (תיקוני חקיקה ליישום התכנית הכלכלית לשנים 2009 ו- 2010), התשס""ט-2009 - פרק ב' - רישוי עסקים",2015-03-20 12:03:32
314,252361,334085,"הצעת חוק הסדרת העיסוק במקצועות הבריאות (תיקון) (דחיית מועד תחילתן של ההוראות האיסוריות), התשס""ט 2008",2015-03-20 12:03:32
315,404559,409903,"החלטת ועדת הפנים והגנת הסביבה בדבר חלוקת הצעת חוק לייעול האכיפה ולשמירה על ביטחון הציבור (חילוט וסמכויות פיקוח)(תיקוני חקיקה), התשע""א-2010 - הצבעה",2015-03-20 12:03:32
316,485421,550769,"הצעת חוק להעמקת גביית המסים והגברת האכיפה (הסתייעות ברשמי הוצאה לפועל - הוראת שעה), התשע""ג-2013",2015-03-20 12:03:32
317,344629,397412,"הצעת חוק סדר הדין הפלילי (תיקון מס' 62- הוראת שעה), תשע""א-2010",2015-03-20 12:03:32
318,397110,404031,"הצעת חוק רשות השידור (תיקון מס'...) (אגרה), התשע""א-2010",2015-03-20 12:03:32
319,131749,134149,"פרק ט""ז: שונות - סעיפים 63, 64, 68, 69 בהצעת חוק הסדרים במשק המדינה (תיקוני חקיקה להשגת יעדי התקציב והמדיניות הכלכלית לשנת הכספים 2006), התשס""ו-2006",2015-03-20 12:03:32
320,184821,184430,"הצעת חוק לתיקון פקודת מס הכנסה (תיקון מס' 152), התשס""ז-2006",2015-03-20 12:03:32
321,182789,185122,"פרק ו' כולו (סעיפים 27 עד 28) (גמלאות וקופות גמל) מתוך הצעת חוק ההסדרים במשק המדינה (תיקוני חקיקה להשגת יעדי התקציב והמדיניות הכלכלית לשנת הכספים 2007), התשס""ז-2006",2015-03-20 12:03:32
322,258446,262869,"הצעת חוק שירותי הדת היהודיים (תיקון), התשס""ח-2007",2015-03-20 12:03:32
323,258446,262870,"הצעת חוק הרבנות הראשית לישראל (תיקון), התשס""ח-2007",2015-03-20 12:03:32
324,258446,262871,"הצעת חוק לתיקון פקודת העיריות, התשס""ח-2007",2015-03-20 12:03:32
325,258446,262899,"הצעת חוק שירות המדינה (גמלאות) (תיקון - ), התשס""ח-2007",2015-03-20 12:03:32
326,258446,262900,"הצעת חוק שירות הקבע בצבא הגנה לישראל (גמלאות) (תיקון - ), התשס""ח-2007",2015-03-20 12:03:32
327,258446,262901,"הצעת חוק הביטוח הלאומי (תיקון - ), התשס""ח-2007",2015-03-20 12:03:32
328,258446,262902,"הצעת חוק קליטת חיילים משוחררים (תיקון - ), התשס""ח-2007",2015-03-20 12:03:32
329,325830,326052,"הצעת חוק ההתייעלות הכלכלית (תיקוני חקיקה ליישום התכנית הכלכלית לשנים 2009 ו- 2010), התשס""ט-2009 - פרק א, סעיף 1 - מטרת החוק",2015-03-20 12:03:32
331,325830,326053,"הצעת חוק ההתייעלות הכלכלית (תיקוני חקיקה ליישום התכנית הכלכלית לשנים 2009 ו- 2010), התשס""ט-2009 - פרק ה', סעיף 11(2) - ארנונה של מפעלי נשק",2015-03-20 12:03:32
332,325830,326054,"הצעת חוק ההתייעלות הכלכלית (תיקוני חקיקה ליישום התכנית הכלכלית לשנים 2009 ו- 2010), התשס""ט-2009 - פרק ה', סעיף 15 - מימון ההנחה בארנונה לאזרחים ותיקים",2015-03-20 12:03:32
333,325830,326055,"הצעת חוק ההתייעלות הכלכלית (תיקוני חקיקה ליישום התכנית הכלכלית לשנים 2009 ו- 2010), התשס""ט-2009 - פרק ו', סעיפים 17-22 - עובדים זרים",2015-03-20 12:03:32
334,325830,326056,"הצעת חוק ההתייעלות הכלכלית (תיקוני חקיקה ליישום התכנית הכלכלית לשנים 2009 ו- 2010), התשס""ט-2009 - פרק י', סעיפים 35(2), 35(5)-(7), 35(9)(א) ו-(10), 35(21)(א) - תשלום חברים בקופות חולים",2015-03-20 12:03:32
335,325830,326103,"הצעת חוק ההתייעלות הכלכלית (תיקוני חקיקה ליישום התכנית הכלכלית לשנים 2009 ו- 2010), התשס""ט-2009 - פרק ל""ד, סעיפים 249-250 - צער בעלי חיים",2015-03-20 12:03:32
337,397112,404030,"הצעת חוק הנפט (תיקון מס'...) (המועצה המייעצת), התשע""א-2010",2015-03-20 12:03:32
338,486465,550022,"הצעת חוק שכר שווה לעובדת ולעובד (תיקון מס' 3) (איסוף, עיבוד ופרסום של נתונים מגדריים), התשע""ד-2014 - החלק שמפוצל",2015-03-20 12:03:32
339,485423,550708,"הצעת חוק תחבורה ציבורית (תיקוני חקיקה) (תיקון מס'...), התשע""ג-2013",2015-03-20 12:03:32
340,554830,558574,"סעיפים 4, 5 ו- 12 מתוך הצעת חוק מס ערך מוסף (תיקון מס' 45), התשע""ד-2014 (מס בשיעור אפס על מתן שירותי בנייה במסגרת תמ""א 38)",2015-03-20 12:03:32
341,548285,560324,"הצעת חוק הגבלת גישה לאתר אינטרנט לשם מניעת ביצוע עבירות,  התשע""ה-2014",2015-03-20 12:03:32
342,131749,137305,"סעיף 71, פרק ט""ז: שונות מתוך הצעת חוק הסדרים במשק המדינה (תיקוני חקיקה להשגת יעדי התקציב והמדיניות הכלכלית לשנת הכספים 2006), התשס""ו-2006",2015-03-20 12:03:32
343,131749,137306,"סעיף 72, פרק ט""ז: שונות מתוך הצעת חוק הסדרים במשק המדינה (תיקוני חקיקה להשגת יעדי התקציב והמדיניות הכלכלית לשנת הכספים 2006), התשס""ו-2006",2015-03-20 12:03:32
344,182797,185132,"פרק י""ב, סעיף 76 (חוק ערי ואזורי פיתוח)(ההסדר הקבוע) מתוך הצעת חוק ההסדרים במשק המדינה (תיקוני חקיקה להשגת יעדי התקציב והמדיניות הכלכלית לשנת הכספים 2007), התשס""ז-2006",2015-03-20 12:03:32
345,325830,326060,"הצעת חוק ההתייעלות הכלכלית (תיקוני חקיקה ליישום התכנית הכלכלית לשנים 2009 ו- 2010), התשס""ט-2009 - פרק כ""ד - אזורי עדיפות לאומית",2015-03-20 12:03:32
346,261826,303536,"הצעת חוק בתי המשפט (תיקון מס' 46), התשס""ח-2007 - החלק הנותר",2015-03-20 12:03:32
347,325830,326061,"הצעת חוק ההתייעלות הכלכלית (תיקוני חקיקה ליישום התכנית הכלכלית לשנים 2009 ו- 2010), התשס""ט-2009 - פרק כ""ה - הוראות מיוחדות לתקציב המדינה לשנים 2009 ו-2010",2015-03-20 12:03:32
348,325830,326062,"הצעת חוק ההתייעלות הכלכלית (תיקוני חקיקה ליישום התכנית הכלכלית לשנים 2009 ו- 2010), התשס""ט-2009 - פרק כ""ו, סעיף 139 - דיור ציבורי",2015-03-20 12:03:32
349,325830,326063,"הצעת חוק ההתייעלות הכלכלית (תיקוני חקיקה ליישום התכנית הכלכלית לשנים 2009 ו- 2010), התשס""ט-2009 - פרק כ""ז, סעיפים 146(4),(6), (10)(ב), (12)(א), (22), (27), ו-148(ג), (ד), (ו), ו-(טו), 149(א), 150(א), 151 ו-152 - ביטוח לאומי",2015-03-20 12:03:32
350,325830,326064,"הצעת חוק ההתייעלות הכלכלית (תיקוני חקיקה ליישום התכנית הכלכלית לשנים 2009 ו- 2010), התשס""ט-2009 - פרק כ""ח כולו - מסים, למעט סעיפים 165(7) ו-171(ו) (עיתונאי חוץ וספורטאי חוץ) וסעיפים 165(15) ו-171(יא) - דוח רבעוני",2015-03-20 12:03:32
351,402669,403466,"הצעת חוק לתיקון פקודת מס הכנסה (תיקון מס')(קרן נאמנות חייבת, התשע""א - 2010 (מ/541)",2015-03-20 12:03:32
352,419715,431151,"הצעת חוק הפצת שידורים באמצעות תחנות שידור ספרתיות (טלוויזיה לימודית), התשע""א-2011",2015-03-20 12:03:32
353,470880,471532,"הצעת חוק שוויון זכויות לאנשים עם מוגבלות (תיקון מס' 9), התש""ע- 2010 - סעיף 2 רשויות ציבוריות",2015-03-20 12:03:32
354,539784,554267,"סעיפים 17, 18, 40(7) ו-42(ב)(2) כריכת הטבות במס באישור תשלום ארנונה- מתוך הצעת חוק לשינוי סדרי עדיפויות לאומיים (תיקוני חקיקה להשגת יעדי התקציב לשנים 2013 ו-2014), התשע""ג-2013 (מ/768)",2015-03-20 12:03:32
355,485249,488274,"הצעת חוק התקנים (תיקון מס'...), התשע""ג-2013",2015-03-20 12:03:32
356,539784,554268,"סעיפים 40(42) ו-45(9) גביית חוב בהעברת פעילות בין חברות- מתוך הצעת חוק לשינוי סדרי עדיפויות לאומיים (תיקוני חקיקה להשגת יעדי התקציב לשנים 2013 ו-2014), התשע""ג-2013 (מ/768)",2015-03-20 12:03:32
357,539784,554269,"סעיפים 40(42) ו-45(9) גביית חוב בהעברת פעילות בין חברות- מתוך הצעת חוק לשינוי סדרי עדיפויות לאומיים (תיקוני חקיקה להשגת יעדי התקציב לשנים 2013 ו-2014), התשע""ג-2013 (מ/768)",2015-03-20 12:03:32
358,539784,554270,"סעיף 45(12) חיוב במס בשל מכר רעיוני בעד נכס שנוכה לגביו מס תשומות ואינו משמש לעסק - מתוך הצעת חוק לשינוי סדרי עדיפויות לאומיים (תיקוני חקיקה להשגת יעדי התקציב לשנים 2013 ו-2014), התשע""ג-2013 (מ/768)",2015-03-20 12:03:32
359,539784,555326,"סעיף 45(1) גביית מס בעד תווי שי שלא מומשו - מתוך הצעת חוק לשינוי סדרי עדיפויות לאומיים (תיקוני חקיקה להשגת יעדי התקציב לשנים 2013 ו-2014), התשע""ג-2013 (מ/768)",2015-03-20 12:03:32
360,100187,126612,"הצעת חוק המשטרה (דין משמעתי, בירור קבילות שוטרים, עובדים שאינם שוטרים והוראות שונות), התשס""ה-2005",2015-03-20 12:03:32
361,94272,127576,"הצעת חוק  הגנה על הציבור מפני עברייני מין, התשס""ו-2005 - החלק הנותר",2015-03-20 12:03:32
362,131749,134126,"פרק ט""ז: שונות - סעיפים 61, 67(2), (3), (4) בהצעת חוק הסדרים במשק המדינה (תיקוני חקיקה להשגת יעדי התקציב והמדיניות הכלכלית לשנת הכספים 2006), התשס""ו-2006",2015-03-20 12:03:32
363,131749,134128,"פרק ה': תכנון ובניה בהצעת חוק הסדרים במשק המדינה (תיקוני חקיקה להשגת יעדי התקציב והמדיניות הכלכלית לשנת הכספים 2006), התשס""ו-2006",2015-03-20 12:03:32
364,131749,134130,"פרק ז': איכות הסביבה - סעיפים 21(2), (3), (4) ו-22 בהצעת חוק הסדרים במשק המדינה (תיקוני חקיקה להשגת יעדי התקציב והמדיניות הכלכלית לשנת הכספים 2006), התשס""ו-2006",2015-03-20 12:03:32
366,325830,326095,"הצעת חוק ההתייעלות הכלכלית (תיקוני חקיקה ליישום התכנית הכלכלית לשנים 2009 ו- 2010), התשס""ט-2009 - פרק י""ג, סעיפים 55(1)-(2) - מפעילים ""וירטואלים"" בשוק הסלולרי",2015-03-20 12:03:32
367,248682,292234,"הצעת חוק אזור סחר חופשי אילת (פטורים והנחות ממסים)(תיקון מס'), התשס""ח - 2008",2015-03-20 12:03:32
368,325830,326096,"הצעת חוק ההתייעלות הכלכלית (תיקוני חקיקה ליישום התכנית הכלכלית לשנים 2009 ו- 2010), התשס""ט-2009 - פרק י""ד - רשות השידור",2015-03-20 12:03:32
369,325830,326097,"הצעת חוק ההתייעלות הכלכלית (תיקוני חקיקה ליישום התכנית הכלכלית לשנים 2009 ו- 2010), התשס""ט-2009 - פרק י""ז - חשמל",2015-03-20 12:03:32
370,325830,326100,"הצעת חוק ההתייעלות הכלכלית (תיקוני חקיקה ליישום התכנית הכלכלית לשנים 2009 ו- 2010), התשס""ט-2009 - פרק ל""ד, סעיף 247 - הגברת האכיפה של חוק החברות בעניין אגרות ותשלומים לרשם",2015-03-20 12:03:32
371,305856,332545,"הצעת חוק לתיקון פקודת מס הכנסה (מס' 171), התש""ע-2009 (סעיפים 6-7)",2015-03-20 12:03:32
372,401072,403464,"הצעת חוק מיסוי מקרקעין (שבח ורכישה) סעיף 53(8) - דחיית יום המכירה תמ""א 38, התשע""א-2010",2015-03-20 12:03:32
373,369610,403822,"הצעת חוק הרשות השניה לולוויזיה ורדיו (תיקון מס'  ) (הפצת שידורי בעל רישיון  לשידורי הערוץ הייעודי בשפה הערבית באמצעות תחנות שידור ספרתיות), התשע""א-2010",2015-03-20 12:03:32
375,371029,409983,"הצעת חוק ההתגוננות האזרחית (תיקון מס' 16), התש""ע-2010",2015-03-20 12:03:32
376,139131,427424,"הצעת חוק העונשין (תיקון מס' 92)(הבניית שיקול הדעת השיפוטי בענישה), התשס""ו-2006 - החלק הנותר",2015-03-20 12:03:32
377,424062,429067,"הצעת חוק מס ערך מוסף (תיקון מס' 42), התשע""ב-2011 (סעיפים 1-6)",2015-03-20 12:03:32
378,426305,474206,"הצעת חוק לתיקון פקודת מס הכנסה (מס' 188) (תרומה למוסד ציבורי), התשע""ב-2011 - הסעיפים שנותרו",2015-03-20 12:03:32
380,485235,539784,"סעיפים 17-18 (פרק ג') ו-40(7) ו-42(ב)(2) (פרק ו') אישור תושבות לצורך הטבת מס - מתוך הצעת חוק לשינוי סדרי עדיפויות לאומיים (תיקוני חקיקה להשגת יעדי התקציב לשנים 2013 ו-2014), התשע""ג-2013",2015-03-20 12:03:32
381,485234,539783,"פרק ג', סעיף 16(2) מיצוי כושר השתכרות (ארנונה) - מתוך הצעת חוק לשינוי סדרי עדיפויות לאומיים (תיקוני חקיקה להשגת יעדי התקציב לשנים 2013 ו-2014), התשע""ג-2013",2015-03-20 12:03:32
382,131749,134115,"פרק י""א: רישוי שירותי תעופה, הצעת חוק הסדרים במשק המדינה (תיקוני חקיקה להשגת יעדי התקציב והמדיניות הכלכלית לשנת הכספים 2006), התשס""ו-2006",2015-03-20 12:03:32
385,132075,256106,"הצעת חוק זכויות של אדם עם מוגבלות המועסק כמשתקם (תיקון מס' 1), התשס""ז - 2007",2015-03-20 12:03:32
386,258446,262800,"פרק א', סעיף 1 (מטרת החוק) - מתוך הצעת חוק ההסדרים במשק המדינה (תיקוני חקיקה להשגת יעדי התקציב והמדיניות הכלכלית לשנת הכספים 2008), התשס""ח-2007",2015-03-20 12:03:32
387,258446,262804,"פרק ד', סעיף 16(4) (הוצאות קופות החולים) - מתוך הצעת חוק ההסדרים במשק המדינה (תיקוני חקיקה להשגת יעדי התקציב והמדיניות הכלכלית לשנת הכספים 2008), התשס""ח-2007",2015-03-20 12:03:32
388,258446,262807,"פרק ד', סעיף 18 (התחשבנות קופות החולים) - מתוך הצעת חוק ההסדרים במשק המדינה (תיקוני חקיקה להשגת יעדי התקציב והמדיניות הכלכלית לשנת הכספים 2008), התשס""ח-2007",2015-03-20 12:03:32
389,258446,262814,"פרק י""ג, סעיפים 71(4), (6) ו-(12), 72(ג) ו-(ד), 74, 75, 76(1) ו-77 (ביטוח בריאות לעקרות בית) - מתוך הצעת חוק ההסדרים במשק המדינה (תיקוני חקיקה להשגת יעדי התקציב והמדיניות הכלכלית לשנת הכספים 2008), התשס""ח-2007",2015-03-20 12:03:32
390,242230,267270,"הצעת חוק להגדלת שיעור ההשתתפות בכח העבודה ולצמצום פערים חברתיים (מס הכנסה שלילי), התשס""ח-2007",2015-03-20 12:03:32
392,242230,267271,"הצעת חוק לתיקון פקודת מס הכנסה (תיקון מס' 160 והוראת שעה), התשס""ח- 2007",2015-03-20 12:03:32
393,184425,277845,"החלק הנותר מהצעת חוק המפלגות (תיקון מס' 15) (בחירות מקדימות), התשס""ז-2006",2015-03-20 12:03:32
394,254313,371829,"הצעת חוק טיפול בחולי נפש (תיקון מס' ), התשס""ח-2008",2015-03-20 12:03:32
395,240235,311793,"הצעת חוק ערי ואזורי פיתוח (תיקון מס' 9), התשס""ט - 2008",2015-03-20 12:03:32
396,325830,326292,"הצעת חוק ההתייעלות הכלכלית (תיקוני חקיקה ליישום התכנית הכלכלית לשנים 2009 ו- 2010), התשס""ט-2009 - פרק כ""ו, סעיף 144 - ועדות משנה מיוחדות",2015-03-20 12:03:32
397,325830,326293,"הצעת חוק ההתייעלות הכלכלית (תיקוני חקיקה ליישום התכנית הכלכלית לשנים 2009 ו- 2010), התשס""ט-2009 - פרק כ""ו, סעיף 145 - ועדות ערר",2015-03-20 12:03:32
398,325830,326294,"הצעת חוק ההתייעלות הכלכלית (תיקוני חקיקה ליישום התכנית הכלכלית לשנים 2009 ו- 2010), התשס""ט-2009 - פרק י', סעיפים 35(1), 35(8), 35(9)(ב), 35(11)-(15), 35(19) ו-(20), 35(21)(ב) - קופת חולים נוספת, מניעת שימוש לרעה בנתונים שבידי קופות חולים",2015-03-20 12:03:32
399,325830,326295,"הצעת חוק ההתייעלות הכלכלית (תיקוני חקיקה ליישום התכנית הכלכלית לשנים 2009 ו- 2010), התשס""ט-2009 - פרק י', סעיפים 35(1), 35(15)-(17), 35(20), 36(א) - תיאגוד קופות החולים",2015-03-20 12:03:32
400,325830,326296,"הצעת חוק ההתייעלות הכלכלית (תיקוני חקיקה ליישום התכנית הכלכלית לשנים 2009 ו- 2010), התשס""ט-2009 - פרק ל""ד, סעיף 248 - פיצויים לנפגעי תאונות דרכים",2015-03-20 12:03:32
401,325830,326297,"הצעת חוק ההתייעלות הכלכלית (תיקוני חקיקה ליישום התכנית הכלכלית לשנים 2009 ו- 2010), התשס""ט-2009 - פרק ל""ד, סעיף 259 - מכשירי החייאה",2015-03-20 12:03:32
402,325830,326298,"הצעת חוק ההתייעלות הכלכלית (תיקוני חקיקה ליישום התכנית הכלכלית לשנים 2009 ו- 2010), התשס""ט-2009 - פרק י', סעיף 34 - בית חולים באשדוד",2015-03-20 12:03:32
404,326096,327497,"הצעת חוק רשות השידור (תיקון מס'...), התשס""ט-2009",2015-03-20 12:03:32
406,485259,488128,"פרק ז', סעיפים 56(5) עד (7), 57 ו-59(ה) עד (ח) - גמלת סיעוד בכסף - ביטוח לאומי - מתוך הצעת חוק לשינוי סדרי עדיפויות לאומיים (תיקוני חקיקה להשגת יעדי התקציב לשנים 2013 ו-2014), התשע""ג-2013",2015-03-20 12:03:32
407,485255,488134,"פרק ו', ס' 40(1)(ב), (2)(ב) ו-(ג), (10), (12) עד (15), (16)(א)(4), (19), (43) ו-42(ב)(1), (4), (6), (8), (11) -מיסוי בהפקדה לחיסכון פנסיוני - מתוך הצעת חוק לשינוי סדרי עדיפויות לאומיים (תיקוני חקיקה להשגת יעדי התקציב לשנים 2013 ו-2014), התשע""ג-2013",2015-03-20 12:03:32
408,485258,488127,"פרק ז', סעיפים 56(4) ו-(8) ו-59(ד) ו-(ט) - ביטוח לאומי לעקרות בית - מתוך הצעת חוק לשינוי סדרי עדיפויות לאומיים (תיקוני חקיקה להשגת יעדי התקציב לשנים 2013 ו-2014), התשע""ג-2013",2015-03-20 12:03:32
409,131749,134136,"סעיפים 29-34 שבפרק י': הגנת הצרכן בהצעת חוק הסדרים במשק המדינה (תיקוני חקיקה להשגת יעדי התקציב והמדיניות הכלכלית לשנת הכספים 2006), התשס""ו-2006",2015-03-20 12:03:32
410,131749,135384,"פרק י""ג - דתות מתוך הצעת חוק הסדרים במשק המדינה (תיקוני חקיקה להשגת יעדי התקציב והמדיניות הכלכלית לשנת הכספים 2006), התשס""ו-2006",2015-03-20 12:03:32
412,131749,135386,"פרק ט""ז - שונות - סעיף 59 מתוך הצעת חוק הסדרים במשק המדינה (תיקוני חקיקה להשגת יעדי התקציב והמדיניות הכלכלית לשנת הכספים 2006), התשס""ו-2006",2015-03-20 12:03:32
413,178389,182810,"פרק י""ב, סעיפים 71, 72 (תגמולים לנפגעי פעולות איבה) מתוך הצעת חוק ההסדרים במשק המדינה (תיקוני חקיקה להשגת יעדי התקציב והמדיניות הכלכלית לשנת הכספים 2007), התשס""ז-2006",2015-03-20 12:03:32
414,178389,182820,"פרק ג', סעיף 10 (חוק בית חולים באשדוד) מתוך הצעת חוק ההסדרים במשק המדינה (תיקוני חקיקה להשגת יעדי התקציב והמדיניות הכלכלית לשנת הכספים 2007), התשס""ז-2006",2015-03-20 12:03:32
415,178389,182826,"פרק י""ב, סעיפים 67, 68 (חוק שירות המדינה (מינויים) וחוק שירות המדינה (משמעת)) מתוך הצעת חוק ההסדרים במשק המדינה (תיקוני חקיקה להשגת יעדי התקציב והמדיניות הכלכלית לשנת הכספים 2007), התשס""ז-2006",2015-03-20 12:03:32
416,178389,182827,"פרק י""ב, סעיף 75(1) (תכנית מהל""ב) מתוך הצעת חוק ההסדרים במשק המדינה (תיקוני חקיקה להשגת יעדי התקציב והמדיניות הכלכלית לשנת הכספים 2007), התשס""ז-2006",2015-03-20 12:03:32
417,325830,326299,"הצעת חוק ההתייעלות הכלכלית (תיקוני חקיקה ליישום התכנית הכלכלית לשנים 2009 ו- 2010), התשס""ט-2009 - פרק כ""ח, סעיפים 165(15) ו-171(יא) - דוח רבעוני",2015-03-20 12:03:32
420,480298,545715,"הצעת חוק לתיקון פקודת המלט (מס' 2) (משקלם של שקי מלט), התשע""ד-2013",2015-03-20 12:03:32
421,397100,402666,"הצעת חוק לתיקון חוק מס ערך מוסף (תיקון מס') התשע""א-2010 (פטור ממס על מלגה לסטודנט) (מ/541)",2015-03-20 12:03:32
423,485421,550804,"הצעת חוק להעמקת גביית המסים הגברת האכיפה והרתעה מפני הלבנת הון, התשע""ג-2013",2015-03-20 12:03:32
425,539784,554260,"סעיף 40(38)(ב) קיזוז הפסד הון - מתוך הצעת החוק לשינוי סדרי עדיפויות לאומיים (תיקוני חקיקה להשגת יעדי התקציב לשנים 2013 ו-2014), התשע""ג-2013 (מ-768)",2015-03-20 12:03:32
426,75112,123473,"הצעת חוק יסודות התקציב (תיקון - שכר מרבי לעובדים) (תיקוני חקיקה להשגת יעדי התקציב והמדיניות הכלכלית לשנות הכספים 2003 ו-2004),התשס""ג-2003",2015-03-20 12:03:32
428,141528,254279,"הצעת חוק הגבלת העישון במקומות ציבוריים (תיקון מס' 2) (פיצוי בלא הוכחת נזק), התשס""ז-2007 -",2015-03-20 12:03:32
429,258446,262835,"פרק ג', סעיף 5(4) (רשויות מקומיות - הטלת תפקיד של רשות אחת על אחרת) - מתוך הצעת חוק ההסדרים במשק המדינה (תיקוני חקיקה להשגת יעדי התקציב והמדיניות הכלכלית לשנת הכספים 2008), התשס""ח-2007",2015-03-20 12:03:32
430,258446,268488,"הצעת חוק הביטוח הלאומי (תיקון מס' 103), התשס""ח-2007",2015-03-20 12:03:32
431,258446,268489,"הצעת חוק ביטוח בריאות ממלכתי (תיקון מס' 37), התשס""ח-2007",2015-03-20 12:03:32
432,131749,134131,"סעיפים 19, 20, 21(1) שבפרק ז': איכות הסביבה בהצעת חוק הסדרים במשק המדינה (תיקוני חקיקה להשגת יעדי התקציב והמדיניות הכלכלית לשנת הכספים 2006), התשס""ו-2006",2015-03-20 12:03:32
433,131749,134134,"סעיף 26(2) שבפרק ח': רשויות מקומיות בהצעת חוק הסדרים במשק המדינה (תיקוני חקיקה להשגת יעדי התקציב והמדיניות הכלכלית לשנת הכספים 2006), התשס""ו-2006",2015-03-20 12:03:32
434,134149,137748,"פרק ט""ז: שונות - סעיף 69 בהצעת חוק הסדרים במשק המדינה (תיקוני חקיקה להשגת יעדי התקציב והמדיניות הכלכלית לשנת הכספים 2006), התשס""ו-2006",2015-03-20 12:03:32
435,178389,182821,"פרק ג', סעיף 12 (חוק לפיצוי נפגעי גזזת) מתוך הצעת חוק ההסדרים במשק המדינה (תיקוני חקיקה להשגת יעדי התקציב והמדיניות הכלכלית לשנת הכספים 2007), התשס""ז-2006",2015-03-20 12:03:32
436,178389,182822,"פרק ג', סעיפים 14(1), (3), (4), 15 (המבנה הארגוני של קופות החולים) מתוך הצעת חוק ההסדרים במשק המדינה (תיקוני חקיקה להשגת יעדי התקציב והמדיניות הכלכלית לשנת הכספים 2007), התשס""ז-2006",2015-03-20 12:03:32
437,178389,182825,"פרק י""ב, סעיפים 62, 63 (חוק בנק ישראל) מתוך הצעת חוק ההסדרים במשק המדינה (תיקוני חקיקה להשגת יעדי התקציב והמדיניות הכלכלית לשנת הכספים 2007), התשס""ז-2006",2015-03-20 12:03:32
438,178389,183638,"פרק ח' (צריך להיות י'), סעיפים 48, 49, 52(1) (היטלי הפקה) מתוך הצעת חוק ההסדרים במשק המדינה (תיקוני חקיקה להשגת יעדי התקציב והמדיניות הכלכלית לשנת הכספים 2007), התשס""ז-2006",2015-03-20 12:03:32
439,178389,184479,"פרק י""ב, סעיף 75(1) (תכנית מהל""ב) מתוך הצעת חוק ההסדרים במשק המדינה (תיקוני חקיקה להשגת יעדי התקציב והמדיניות הכלכלית לשנת הכספים 2007), התשס""ז-2006",2015-03-20 12:03:32
440,258446,263322,"הצעת חוק רשות הספנות והנמלים (תיקון - ), התשס""ח-2007",2015-03-20 12:03:32
441,258446,263323,"הצעת חוק התקנים (תיקון - ), התשס""ח-2007",2015-03-20 12:03:32
442,273968,291151,"הצעת חוק לתיקון פקודת התעבורה (מס' ...), התשס""ח-2008",2015-03-20 12:03:32
443,325830,326057,"הצעת חוק ההתייעלות הכלכלית (תיקוני חקיקה ליישום התכנית הכלכלית לשנים 2009 ו- 2010), התשס""ט-2009 - פרק י', סעיפים 35(18) ו-36(ב) - אמצעי שליטה בתאגיד המספק שירותי עזר משקיים לקופות חולים",2015-03-20 12:03:32
444,325830,326085,"הצעת חוק ההתייעלות הכלכלית (תיקוני חקיקה ליישום התכנית הכלכלית לשנים 2009 ו- 2010), התשס""ט-2009 - פרק ט""ז - סיוע למפעלים במצוקה",2015-03-20 12:03:32
445,325830,326086,"הצעת חוק ההתייעלות הכלכלית (תיקוני חקיקה ליישום התכנית הכלכלית לשנים 2009 ו- 2010), התשס""ט-2009 - פרק י""ט - גמלאות וקופות גמל",2015-03-20 12:03:32
446,325830,326087,"הצעת חוק ההתייעלות הכלכלית (תיקוני חקיקה ליישום התכנית הכלכלית לשנים 2009 ו- 2010), התשס""ט-2009 - פרק כ' - שילוב מקבלי גמלאות בעבודה",2015-03-20 12:03:32
447,325830,326088,"הצעת חוק ההתייעלות הכלכלית (תיקוני חקיקה ליישום התכנית הכלכלית לשנים 2009 ו- 2010), התשס""ט-2009 - פרק כ""ג - שיפור זכויות עובדים",2015-03-20 12:03:32
448,325830,326089,"הצ""ח ההתייעלות הכלכלית(תיקוני חקיקה ליישום התכנית הכלכלית לשנים 2009 ו-2010),התשס""ט-2009-פרק כ""ז, ס' 146(1)-(3), (5), (7)-(9), (10)(א), (11), (12)(ב), (13)-(21), (23)-(26), 147, 148(א)-(ב), (ה), (ז)-(יד), 149(ב)-(ג), 150(ב)-(ג), 153-162 - ביטוח לאומי",2015-03-20 12:03:32
449,325830,326101,"הצעת חוק ההתייעלות הכלכלית (תיקוני חקיקה ליישום התכנית הכלכלית לשנים 2009 ו- 2010), התשס""ט-2009 - פרק ל""ד, סעיף 251 - קנסות ואגרות",2015-03-20 12:03:32
450,325830,326102,"הצעת חוק ההתייעלות הכלכלית (תיקוני חקיקה ליישום התכנית הכלכלית לשנים 2009 ו- 2010), התשס""ט-2009 - פרק ל""ד, סעיף 256 - דירקטורים מקרב העובדים",2015-03-20 12:03:32
451,325830,326104,"הצעת חוק ההתייעלות הכלכלית (תיקוני חקיקה ליישום התכנית הכלכלית לשנים 2009 ו- 2010), התשס""ט-2009 - פרק ל""ד, סעיפים 263-264 - התאמת חוקים ל""אופק חדש""",2015-03-20 12:03:32
452,325830,326105,"הצעת חוק ההתייעלות הכלכלית (תיקוני חקיקה ליישום התכנית הכלכלית לשנים 2009 ו- 2010), התשס""ט-2009 - פרק ל""ד, סעיף 265 - לימוד חובה - שעות לימוד",2015-03-20 12:03:32
453,325830,326106,"הצעת חוק ההתייעלות הכלכלית (תיקוני חקיקה ליישום התכנית הכלכלית לשנים 2009 ו- 2010), התשס""ט-2009 - פרק ל""ד, סעיף 266 - לימוד חובה - תחולה מדורגת",2015-03-20 12:03:32
454,325830,326300,"הצעת חוק ההתייעלות הכלכלית (תיקוני חקיקה ליישום התכנית הכלכלית לשנים 2009 ו- 2010), התשס""ט-2009 - פרק ל""ד, סעיף 267 - סמכויות המפקח על הבנקים",2015-03-20 12:03:32
455,325830,326301,"הצעת חוק ההתייעלות הכלכלית (תיקוני חקיקה ליישום התכנית הכלכלית לשנים 2009 ו- 2010), התשס""ט-2009 - פרק ט""ו - ספורט",2015-03-20 12:03:32
456,325830,326302,"הצעת חוק ההתייעלות הכלכלית (תיקוני חקיקה ליישום התכנית הכלכלית לשנים 2009 ו- 2010), התשס""ט-2009 - פרק ל""ד, סעיף 260 - ניוד תיקים בין בתי משפט",2015-03-20 12:03:32
457,409983,420214,"הצעת חוק ההתגוננות האזרחית (תיקון מס' 16), התש""ע-2010 - החלק שנישאר",2015-03-20 12:03:32
458,253388,432815,"הצעת חוק איסור הלבנת הון (תיקון מס' 7), התשס""ז-2007",2015-03-20 12:03:32
459,548287,556498,"הצעת חוק לקידום הבנייה במתחמים מועדפים לדיור (הוראת שעה), התשע""ד-2014",2015-03-20 12:03:32
460,126612,126994,"הצעת חוק המשטרה (דין משמעתי, בירור קבילות שוטרים, עובדים שאינם שוטרים והוראות שונות), התשס""ה-2005",2015-03-20 12:03:32
461,131749,134116,"פרק י""ד: יסודות התקציב, הצעת חוק הסדרים במשק המדינה (תיקוני חקיקה להשגת יעדי התקציב והמדיניות הכלכלית לשנת הכספים 2006), התשס""ו-2006",2015-03-20 12:03:32
462,131749,134124,"פרק ט""ו: מים, הצעת חוק הסדרים במשק המדינה (תיקוני חקיקה להשגת יעדי התקציב והמדיניות הכלכלית לשנת הכספים 2006), התשס""ו-2006",2015-03-20 12:03:32
463,131749,134125,"פרק ט""ז: שונות - סעיפים 62, 65, 66, 70, 74, 75, 76, 77, הצעת חוק הסדרים במשק המדינה (תיקוני חקיקה להשגת יעדי התקציב והמדיניות הכלכלית לשנת הכספים 2006), התשס""ו-2006",2015-03-20 12:03:32
464,131749,137384,"סעיף 70, פרק ט""ז: שונות - מתוך הצעת חוק הסדרים במשק המדינה (תיקוני חקיקה להשגת יעדי התקציב והמדיניות הכלכלית לשנת הכספים 2006), התשס""ו-2006",2015-03-20 12:03:32
465,121095,142204,"הצעת חוק סדר הדין הפלילי (סמכויות אכיפה-מעצרים) (עצור שאינו תושב, החשוד בעבירת ביטחון - הוראת שעה), התשס""ו-2005- סעיף 7",2015-03-20 12:03:32
466,258446,262872,"הצעת חוק לתיקון פקודת המועצות המקומיות, התשס""ח-2007",2015-03-20 12:03:32
467,258446,262873,"הצעת חוק הרשויות המקומיות (העברת תשלומים מהמדינה) (תיקון), התשס""ח-2007",2015-03-20 12:03:32
468,258446,262874,"הצעת חוק בית חולים באשדוד (הקמה והפעלה) (תיקון), התשס""ח-2007",2015-03-20 12:03:32
469,258446,262875,"הצעת חוק מיסוי מקרקעין (שבח, מכירה ורכישה) (תיקון), התשס""ח-2007",2015-03-20 12:03:32
470,258446,262876,"הצעת חוק לתיקון פקודת מס הכנסה, התשס""ח-2007",2015-03-20 12:03:32
471,258446,262877,"הצעת חוק מיסוי מקרקעין (שבח, מכירה ורכישה) (תיקון), התשס""ח-2007",2015-03-20 12:03:32
472,258446,262878,"הצעת חוק לתיקון פקודת מס הכנסה, התשס""ח-2007",2015-03-20 12:03:32
473,258446,262879,"הצעת חוק לתיקון פקודת מס הכנסה, התשס""ח-2007",2015-03-20 12:03:32
474,258446,262880,"הצעת חוק מס ערך מוסף (תיקון), התשס""ח-2007",2015-03-20 12:03:32
477,567177,568227,,2015-07-22 10:47:12
480,568037,568467,,2015-07-28 10:30:13
481,568878,569030,,2015-09-07 16:23:41
482,568878,569031,,2015-09-07 16:29:49
483,568878,569032,,2015-09-07 16:30:44
484,568878,569033,,2015-09-07 16:31:56
485,568878,569034,,2015-09-07 16:32:53
486,568878,569036,,2015-09-07 16:56:41
487,568878,569037,,2015-09-07 16:57:21
488,568878,569038,,2015-09-07 16:58:22
489,568878,569039,,2015-09-07 16:59:09
490,568878,569040,,2015-09-07 17:00:10
491,568878,569041,,2015-09-07 17:02:02
492,568878,569042,,2015-09-07 17:02:44
495,568879,569043,,2015-09-07 17:12:57
497,568879,569045,,2015-09-07 17:14:15
498,568879,569046,,2015-09-07 17:15:32
499,568879,569047,,2015-09-07 17:16:10
500,568879,569048,,2015-09-07 17:25:05
502,568879,569050,,2015-09-07 17:26:24
503,568879,569051,,2015-09-07 17:27:00
504,568879,569052,,2015-09-07 17:27:29
505,568879,569053,,2015-09-07 17:29:11
506,568879,569054,,2015-09-07 17:29:46
507,568879,569055,,2015-09-07 17:30:18
508,568879,569056,,2015-09-07 17:30:48
509,568879,569058,,2015-09-07 17:55:55
512,568878,569073,,2015-09-08 11:19:17
513,568879,569074,,2015-09-08 11:23:51
518,568878,569078,,2015-09-08 12:52:37
519,568879,569079,,2015-09-08 12:56:14
526,569046,569716,,2015-10-13 09:46:12
531,569047,570414,,2015-10-27 08:20:23
543,569053,571308,,2015-11-12 09:08:40
545,569047,571313,,2015-11-12 10:15:47
546,569037,571339,,2015-11-12 14:13:06
547,569034,571387,,2015-11-16 09:40:10
550,568883,571813,,2015-11-24 09:32:44
553,571313,572008,,2015-11-29 08:39:49
556,567670,575741,,2016-02-03 12:45:36
559,570597,576125,,2016-02-09 11:05:01
562,569598,577848,,2016-03-08 12:35:14
569,575680,578447,,2016-03-16 13:55:16
572,574558,578660,,2016-03-21 18:11:03
573,558321,578680,,2016-03-22 11:04:25
574,574556,578696,,2016-03-22 12:07:34
579,568876,578917,,2016-03-29 09:15:56
580,558308,578919,,2016-03-29 09:59:05
583,571383,2006198,,2016-07-19 14:13:31
586,578608,2006649,,2016-07-27 09:07:35
587,2007975,2008544,,2016-11-08 09:40:17
588,2007975,2008545,,2016-11-08 09:43:10
589,2007975,2008546,,2016-11-08 09:44:13
590,2007975,2008547,,2016-11-08 09:45:42
591,2007975,2008548,,2016-11-08 09:46:52
592,2007975,2008549,,2016-11-08 09:50:49
593,2007975,2008551,,2016-11-08 09:51:48
594,2007975,2008552,,2016-11-08 09:52:54
595,2007975,2008553,,2016-11-08 09:54:02
596,2007975,2008555,,2016-11-08 10:01:15
597,2007975,2008557,,2016-11-08 10:01:49
598,2007975,2008559,,2016-11-08 10:02:59
599,2007975,2008560,,2016-11-08 10:04:31
600,2007975,2008561,,2016-11-08 10:06:10
601,2007975,2008563,,2016-11-08 10:11:03
602,2007975,2008567,,2016-11-08 10:24:48
605,2007975,2008579,,2016-11-08 11:59:54
608,2007975,2008580,,2016-11-08 12:12:12
609,2007976,2008581,,2016-11-08 12:18:37
610,2007976,2008582,,2016-11-08 12:19:28
611,2007976,2008583,,2016-11-08 12:20:42
612,2007976,2008584,,2016-11-08 12:21:52
613,2007976,2008585,,2016-11-08 12:23:03
614,2007976,2008586,,2016-11-08 12:23:47
615,2007976,2008587,,2016-11-08 12:25:25
616,2007976,2008588,,2016-11-08 12:27:28
617,2007976,2008589,,2016-11-08 12:28:53
618,2007976,2008590,,2016-11-08 12:30:10
619,2007976,2008592,,2016-11-08 12:37:20
620,2007976,2008593,,2016-11-08 12:39:51
621,2007976,2008594,,2016-11-08 12:41:01
622,2007976,2008597,,2016-11-08 12:43:43
623,2007976,2008598,,2016-11-08 12:45:22
624,2007976,2008600,,2016-11-08 12:46:42
625,2007976,2008601,,2016-11-08 12:47:39
628,2007976,2008605,,2016-11-08 12:55:46
629,2007976,2008790,,2016-11-10 09:20:02
630,2007976,2008836,,2016-11-10 14:38:03
631,2007976,2008837,,2016-11-10 14:39:26
632,2007976,2009212,,2016-11-16 14:39:30
633,2007976,2009482,,2016-11-22 08:35:13
639,2008586,2010317,,2016-12-06 09:17:13
640,2008587,2010324,,2016-12-06 10:31:54
643,2008586,2010857,,2016-12-14 10:14:46
653,2008557,2010976,,2016-12-18 10:34:52
654,2008601,2011101,,2016-12-20 11:35:07
655,2008549,2011136,,2016-12-20 14:52:13
656,2008582,2011157,,2016-12-20 17:12:05
659,2009158,2011438,,2016-12-26 14:37:09
664,571406,2015378,,2017-03-06 18:18:44
667,2012821,2015476,,2017-03-08 12:39:32
670,2008601,2015546,,2017-03-09 15:16:25
671,2010356,2015662,,2017-03-14 13:10:13
676,2012821,2015956,,2017-03-21 08:38:09
677,2006777,2016228,,2017-04-03 11:57:12
680,2015662,2018790,,2017-06-21 09:23:50
683,2011438,2019116,,2017-06-27 14:30:11
686,571278,2020231,,2017-07-17 13:59:15
689,2010976,2020824,,2017-08-02 13:46:49
692,2008586,2021017,,2017-08-27 11:20:08
695,2008454,2022262,,2017-10-30 13:02:34
698,2009109,2025015,,2017-12-17 09:59:18
703,2020235,2025534,,2017-12-25 19:12:25
704,2011821,2025535,,2017-12-25 19:14:28
709,487034,2065101,,2018-02-06 08:43:41
710,2011980,2065180,,2018-02-07 11:04:35
713,2065304,2065600,,2018-02-14 13:21:09
714,2065304,2065602,,2018-02-14 13:23:12
715,2065304,2065603,,2018-02-14 13:23:51
716,2065304,2065604,,2018-02-14 13:25:12
717,2065304,2065605,,2018-02-14 13:26:37
718,2065304,2065607,,2018-02-14 13:28:41
719,2065304,2065608,,2018-02-14 13:29:39
720,2065305,2065609,,2018-02-14 13:32:58
721,2065305,2065610,,2018-02-14 13:36:07
722,2065305,2065611,,2018-02-14 13:37:51
723,2065305,2065616,,2018-02-14 13:39:31
724,2065305,2065617,,2018-02-14 13:41:45
725,2065305,2065618,,2018-02-14 13:44:00
726,2065305,2065621,,2018-02-14 13:46:47
727,2065305,2065622,,2018-02-14 13:47:30
728,2065305,2065623,,2018-02-14 13:50:03
729,2065305,2065624,,2018-02-14 13:51:06
730,2065305,2065625,,2018-02-14 13:52:24
731,2065305,2065626,,2018-02-14 13:53:47
732,2065305,2065629,,2018-02-14 13:55:17
733,2065305,2065631,,2018-02-14 13:57:29
736,2065304,2065637,,2018-02-14 14:06:52
737,2065304,2065651,,2018-02-14 14:59:43
738,2065304,2065653,,2018-02-14 15:00:23
739,2065304,2065654,,2018-02-14 15:01:11
740,2065304,2065656,,2018-02-14 15:05:56
741,2065304,2065659,,2018-02-14 15:07:10
742,2065304,2065660,,2018-02-14 15:09:43
743,2065304,2065662,,2018-02-14 15:10:58
747,2065304,2066038,,2018-02-21 09:35:30
750,2064313,2066382,,2018-02-27 16:42:13
751,577400,2066424,,2018-02-28 11:45:13
764,2066031,2066694,,2018-03-07 13:27:01
765,2065603,2066802,,2018-03-12 09:06:46
766,2065602,2066803,,2018-03-12 09:07:46
775,2065656,2066920,,2018-03-13 18:22:15
779,2066796,2070408,,2018-05-16 14:16:45
786,2025535,2072604,,2018-06-25 18:01:17
787,2066794,2072606,,2018-06-25 18:42:28
792,2065637,2073180,,2018-07-04 12:54:32
793,2002864,2073238,,2018-07-05 12:58:55
796,2073238,2073244,,2018-07-05 14:07:35
801,2073336,2073740,,2018-07-16 12:08:08
802,552284,2073802,,2018-07-16 21:58:33
805,2073337,2073825,,2018-07-17 16:08:16
808,545380,2075111,,2018-10-22 18:50:52
811,2019018,2077401,,2018-12-11 11:41:46
818,2011980,2078200,,2018-12-27 16:22:15
821,2011980,2078201,,2018-12-27 16:23:19
824,2011980,2078202,,2018-12-27 16:24:42
827,2074553,2078266,,2018-12-31 17:20:25
828,571383,2078292,,2019-01-01 14:53:30
829,2006758,2078337,,2019-01-08 11:58:40
832,2087638,2087822,,2020-04-27 16:58:57
835,2140117,2140530,,2020-06-08 17:10:58
838,2140530,2140879,,2020-06-16 08:15:36
841,2140468,2140952,,2020-06-17 08:35:52
844,2141519,2141852,,2020-06-30 09:12:23
849,2141255,2141935,,2020-07-01 08:25:51
850,2141704,2141938,,2020-07-01 08:56:01
853,2140879,2142860,,2020-07-15 09:38:45
858,2144779,2145483,,2020-08-26 14:30:57
861,2151843,2152003,"",2021-01-11 13:28:09
864,2152002,2155575,"",2021-03-01 10:19:04
